"Player","Pos","Team","Current ADP","Old ADP","ADP Change","Ovr Rank","Pos Rank"
"Jonathan Taylor","RB","IND",1.5,1.1,0.4,1,1
"Christian McCaffrey","RB","CAR",1.8,3.2,-1.4,2,2
"Justin Jefferson","WR","MIN",3.3,4.3,-1,3,1
"Ja'Marr Chase","WR","CIN",5.6,5.2,0.4,5,3
"Austin Ekeler","RB","LAC",5.7,6.8,-1.1,6,3
"Derrick Henry","RB","TEN",7.7,6.9,0.8,7,4
"Stefon Diggs","WR","BUF",8.5,8.9,-0.4,8,4
"Dalvin Cook","RB","MIN",8.6,10.7,-2.1,9,5
"Davante Adams","WR","LV",10.7,11.6,-0.9,10,5
"Najee Harris","RB","PIT",12.2,8.5,3.7,11,6
"Travis Kelce","TE","KC",12.8,11.4,1.4,12,1
"Joe Mixon","RB","CIN",13.6,13.1,0.5,13,7
"Saquon Barkley","RB","NYG",14.1,26.8,-12.7,14,8
"CeeDee Lamb","WR","DAL",14.7,13.8,0.9,15,6
"D'Andre Swift","RB","DET",16,17.1,-1.1,16,9
"Alvin Kamara","RB","NO",16.4,20.8,-4.4,17,10
"Aaron Jones","RB","GB",18.3,18.3,0,18,11
"Deebo Samuel","WR","SF",19.5,17.3,2.2,19,7
"Javonte Williams","RB","DEN",20.4,25.3,-4.9,20,12
"Mark Andrews","TE","BAL",21.7,16.2,5.5,21,2
"Tyreek Hill","WR","MIA",22.3,21.6,0.7,22,8
"Mike Evans","WR","TB",23.4,18.9,4.5,23,9
"Leonard Fournette","RB","TB",24.2,22.1,2.1,24,13
"A.J. Brown","WR","PHI",25.5,24.4,1.1,25,10
"Nick Chubb","RB","CLE",26.6,24.2,2.4,26,14
"Michael Pittman","WR","IND",27.5,32.5,-5,27,11
"Tee Higgins","WR","CIN",27.9,25.2,2.7,28,12
"Kyle Pitts","TE","ATL",28.2,32,-3.8,29,3
"Keenan Allen","WR","LAC",31.2,27.5,3.7,30,13
"Mike Williams","WR","LAC",31.3,30.5,0.8,31,14
"Josh Allen","QB","BUF",31.4,28.6,2.8,32,1
"DJ Moore","WR","CAR",32.8,36.1,-3.3,33,15
"Courtland Sutton","WR","DEN",33.5,46.6,-13.1,34,16
"James Conner","RB","ARI",34.4,31.5,2.9,35,15
"Travis Etienne","RB","JAX",36.4,55,-18.6,36,16
"Jaylen Waddle","WR","MIA",38.8,35,3.8,37,17
"Gabriel Davis","WR","BUF",40.2,53.6,-13.4,39,19
"Ezekiel Elliott","RB","DAL",40.5,41.4,-0.9,40,17
"Terry McLaurin","WR","WAS",42.4,45.1,-2.7,41,20
"Marquise Brown","WR","ARI",42.4,36.6,5.8,42,21
"Justin Herbert","QB","LAC",44.1,43.8,0.3,43,2
"Jerry Jeudy","WR","DEN",44.5,45.4,-0.9,44,22
"JuJu Smith-Schuster","WR","KC",45.7,56.1,-10.4,45,23
"Lamar Jackson","QB","BAL",47.4,51.7,-4.3,46,3
"Breece Hall","RB","NYJ",47.7,47,0.7,47,18
"Diontae Johnson","WR","PIT",49.1,39.9,9.2,48,24
"Patrick Mahomes","QB","KC",49.6,38.5,11.1,49,4
"Brandin Cooks","WR","HOU",51.3,58.4,-7.1,50,25
"George Kittle","TE","SF",52.5,47.8,4.7,51,4
"Amon-Ra St. Brown","WR","DET",52.7,70.7,-18,52,26
"Rashod Bateman","WR","BAL",53.8,58.2,-4.4,53,27
"Chris Godwin","WR","TB",53.9,52.6,1.3,54,28
"Darren Waller","TE","LV",55.3,41.8,13.5,55,5
"D.K. Metcalf","WR","SEA",57.6,43.4,14.2,57,29
"AJ Dillon","RB","GB",58.3,73.2,-14.9,58,20
"Michael Thomas","WR","NO",59.2,65.5,-6.3,59,30
"Jalen Hurts","QB","PHI",59.4,65.2,-5.8,60,5
"J.K. Dobbins","RB","BAL",61.2,55.5,5.7,61,21
"Darnell Mooney","WR","CHI",61.5,62.1,-0.6,62,31
"Kyler Murray","QB","ARI",62.1,61.3,0.8,63,6
"David Montgomery","RB","CHI",64.2,51.1,13.1,64,22
"Adam Thielen","WR","MIN",66.6,76.2,-9.6,65,32
"Elijah Moore","WR","NYJ",67.1,68.2,-1.1,66,33
"Brandon Aiyuk","WR","SF",68.1,80.6,-12.5,67,34
"Elijah Mitchell","RB","SF",68.3,70,-1.7,68,23
"Allen Lazard","WR","GB",70.1,98.6,-28.5,69,35
"Dalton Schultz","TE","DAL",72.1,73.5,-1.4,70,6
"Trey Lance","QB","SF",72.6,95.7,-23.1,71,7
"Dameon Pierce","RB","HOU",72.7,125.7,-53,72,24
"Joe Burrow","QB","CIN",75,68.3,6.7,73,8
"Drake London","WR","ATL",75.2,68.4,6.8,74,36
"Christian Kirk","WR","JAX",75.8,89.6,-13.8,75,37
"DeAndre Hopkins","WR","ARI",76.6,74.6,2,76,38
"DeVonta Smith","WR","PHI",76.9,73.4,3.5,77,39
"Chase Edmonds","RB","MIA",77.2,110.1,-32.9,78,25
"Josh Jacobs","RB","LV",79.4,61.5,17.9,79,26
"Amari Cooper","WR","CLE",79.6,44.9,34.7,80,40
"Tony Pollard","RB","DAL",80.2,89.3,-9.1,81,27
"Russell Wilson","QB","DEN",80.5,77,3.5,82,9
"Clyde Edwards-Helaire","RB","KC",82.9,77.9,5,83,28
"Hunter Renfrow","WR","LV",83,84.4,-1.4,84,41
"Rhamondre Stevenson","RB","NE",83.9,122,-38.1,85,29
"Kadarius Toney","WR","NYG",85.8,105.1,-19.3,86,42
"Dallas Goedert","TE","PHI",87.2,94.4,-7.2,87,7
"Chris Olave","WR","NO",87.4,97,-9.6,88,43
"Tom Brady","QB","TB",88.7,77.5,11.2,89,10
"Antonio Gibson","RB","WAS",91.9,64.2,27.7,90,30
"Rashaad Penny","RB","SEA",92,117.7,-25.7,91,31
"Skyy Moore","WR","KC",92.2,84.1,8.1,92,44
"Dak Prescott","QB","DAL",93,85.2,7.8,93,11
"T.J. Hockenson","TE","DET",93.9,82.8,11.1,94,8
"Marquez Valdes-Scantling","WR","KC",95,100.9,-5.9,95,45
"Kareem Hunt","RB","CLE",95.9,96.5,-0.6,96,32
"Miles Sanders","RB","PHI",97.4,80.4,17,97,33
"Robert Woods","WR","TEN",97.8,105.5,-7.7,98,46
"Damien Harris","RB","NE",99.9,93.9,6,99,34
"George Pickens","WR","PIT",100.7,154.9,-54.2,100,47
"Tyler Lockett","WR","SEA",101,89.6,11.4,101,48
"Dawson Knox","TE","BUF",103.2,99.1,4.1,102,9
"Treylon Burks","WR","TEN",104.2,72,32.2,103,49
"James Cook","RB","BUF",104.4,107.3,-2.9,104,35
"Devin Singletary","RB","BUF",105.8,104.8,1,105,36
"Cordarrelle Patterson","RB","ATL",106.7,88.6,18.1,107,37
"Derek Carr","QB","LV",108.8,108.8,0,108,13
"Tyler Boyd","WR","CIN",108.9,112.5,-3.6,109,50
"Zach Ertz","TE","ARI",110.2,111,-0.8,110,10
"Aaron Rodgers","QB","GB",111.5,102,9.5,111,14
"Chase Claypool","WR","PIT",111.9,108.5,3.4,112,51
"Rondale Moore","WR","ARI",113.1,118.3,-5.2,113,52
"Melvin Gordon","RB","DEN",114.3,110.1,4.2,114,38
"Kirk Cousins","QB","MIN",116.8,123.1,-6.3,116,15
"Cole Kmet","TE","CHI",117.1,147,-29.9,117,11
"Kenneth Walker","RB","SEA",118.9,87.2,31.7,119,40
"Garrett Wilson","WR","NYJ",120.8,98.3,22.5,120,54
"Joshua Palmer","WR","LAC",121.8,164,-42.2,121,55
"Romeo Doubs","WR","GB",122.1,212.1,-90,122,56
"Nyheim Hines","RB","IND",124.7,143.2,-18.5,123,41
"Michael Gallup","WR","DAL",125.1,111.7,13.4,124,57
"Jahan Dotson","WR","WAS",127.2,145.4,-18.2,125,58
"Russell Gage","WR","TB",129.1,91.4,37.7,126,59
"Kenneth Gainwell","RB","PHI",129.2,160.9,-31.7,127,42
"Justin Fields","QB","CHI",129.4,135.7,-6.3,128,16
"Pat Freiermuth","TE","PIT",130.3,122.5,7.8,129,12
"Isaiah McKenzie","WR","BUF",130.3,212.9,-82.6,130,60
"Rachaad White","RB","TB",131.5,131.2,0.3,131,43
"Jalen Tolbert","WR","DAL",133.3,148.7,-15.4,132,61
"Alexander Mattison","RB","MIN",134.3,125.4,8.9,133,44
"Tua Tagovailoa","QB","MIA",134.5,133.5,1,134,17
"Michael Carter","RB","NYJ",135.5,140.2,-4.7,135,45
"DeVante Parker","WR","NE",136.8,132.8,4,136,62
"James Robinson","RB","JAX",137.2,158.1,-20.9,137,46
"Mecole Hardman","WR","KC",137.3,125.5,11.8,138,63
"Isiah Pacheco","RB","KC",139.8,215.5,-75.7,139,47
"Trevor Lawrence","QB","JAX",140,147.8,-7.8,140,18
"D.J. Chark","WR","DET",140.7,148.8,-8.1,141,64
"Irv Smith","TE","MIN",141.5,141.9,-0.4,142,13
"Nico Collins","WR","HOU",143.2,201.3,-58.1,143,65
"Albert Okwuegbunam","TE","DEN",144.2,141.4,2.8,144,14
"Jakobi Meyers","WR","NE",144.9,135,9.9,145,66
"K.J. Osborn","WR","MIN",145.9,154.9,-9,146,67
"Tyler Allgeier","RB","ATL",147.5,148.7,-1.2,147,48
"Jameis Winston","QB","NO",148.5,157.2,-8.7,148,19
"Hunter Henry","TE","NE",151.1,153.1,-2,149,15
"KJ Hamler","WR","DEN",151.2,171.3,-20.1,150,68
"Khalil Herbert","RB","CHI",151.9,169.7,-17.8,151,49
"David Njoku","TE","CLE",152.8,151.7,1.1,152,16
"Wan'Dale Robinson","WR","NYG",152.8,185.9,-33.1,153,69
"Jamaal Williams","RB","DET",155.1,181.8,-26.7,154,50
"Jarvis Landry","WR","NO",155.4,134.2,21.2,155,70
"Matt Ryan","QB","IND",155.4,166.3,-10.9,156,20
"Brian Robinson Jr.","RB","WAS",158.4,189.4,-31,157,51
"Christian Watson","WR","GB",160,104.1,55.9,158,71
"Zamir White","RB","LV",161.1,210.8,-49.7,159,52
"Robby Anderson","WR","CAR",162,171.8,-9.8,160,72
"Raheem Mostert","RB","MIA",162.2,181.8,-19.6,161,53
"Gerald Everett","TE","LAC",162.7,170.6,-7.9,162,17
"Robert Tonyan","TE","GB",163.8,135,28.8,163,18
"Alec Pierce","WR","IND",164.7,161,3.7,164,73
"Isaiah Spiller","RB","LAC",165.6,137.3,28.3,165,54
"Mike Gesicki","TE","MIA",166,126.9,39.1,166,19
"J.D. McKissic","RB","WAS",167.7,189.9,-22.2,167,55
"Kenny Golladay","WR","NYG",167.7,120.4,47.3,168,74
"Daniel Jones","QB","NYG",168.6,170.4,-1.8,169,21
"Jameson Williams","WR","DET",168.9,115.4,53.5,170,75
"Marvin Jones","WR","JAX",173.7,173.4,0.3,173,77
"Sammy Watkins","WR","GB",175.9,176.9,-1,174,78
"Hayden Hurst","TE","CIN",177,182.1,-5.1,175,21
"Evan Engram","TE","JAX",177.3,186.6,-9.3,176,22
"Tyrion Davis-Price","RB","SF",178.1,168.9,9.2,177,56
"Jared Goff","QB","DET",179.9,192.6,-12.7,178,22
"Mac Jones","QB","NE",180.2,185.2,-5,179,23
"Zay Jones","WR","JAX",180.6,212.7,-32.1,180,79
"Baker Mayfield","QB","CAR",181.3,215.8,-34.5,181,24
"Jerick McKinnon","RB","KC",182.3,215.7,-33.4,182,57
"Corey Davis","WR","NYJ",183.5,157.7,25.8,183,80
"Parris Campbell","WR","IND",185.9,211.7,-25.8,184,81
"Noah Fant","TE","SEA",186.8,169.1,17.7,185,23
"Isaiah Likely","TE","BAL",186.9,215.9,-29,186,24
"Austin Hooper","TE","TEN",189,202.4,-13.4,187,25
"Ryan Tannehill","QB","TEN",190.6,179.3,11.3,188,25
"Mark Ingram","RB","NO",191.3,213.1,-21.8,189,58
"Brevin Jordan","TE","HOU",192.2,210.4,-18.2,190,26
"Eno Benjamin","RB","ARI",192.3,216,-23.7,191,59
"A.J. Green","WR","ARI",195,187.9,7.1,192,82
"Deshaun Watson","QB","CLE",195.5,115,80.5,193,26
"Mike Davis","RB","ATL",196.2,216,-19.8,194,60
"Taysom Hill","TE","NO",196.9,194.8,2.1,195,27
"Curtis Samuel","WR","WAS",197.5,179.1,18.4,196,83
"Jeff Wilson","RB","SF",198.3,215.9,-17.6,197,61
"David Bell","WR","CLE",199.1,152.1,47,198,84
"Davis Mills","QB","HOU",199.9,205.4,-5.5,199,27
"Logan Thomas","TE","WAS",201.3,189.4,11.9,200,28
"Devin Duvernay","WR","BAL",202.9,203.1,-0.2,201,85
"Carson Wentz","QB","WAS",204.5,200.1,4.4,202,28
"Marcus Mariota","QB","ATL",205.2,210.9,-5.7,203,29
"Donovan Peoples-Jones","WR","CLE",205.7,181.5,24.2,204,86
"Jamison Crowder","WR","BUF",205.9,137.3,68.6,205,87
"Mo Alie-Cox","TE","IND",206.4,213.9,-7.5,206,29
"Darrel Williams","RB","KC",207.8,178.7,29.1,208,62
"Zack Moss","RB","BUF",208.4,215.9,-7.5,209,63
"Kenny Pickett","QB","PIT",208.7,211.9,-3.2,210,30
"Cameron Brate","TE","TB",209.6,212.5,-2.9,211,30
"Marlon Mack","RB","HOU",209.6,195.9,13.7,212,64
"Nick Westbrook-Ikhine","WR","TEN",210,214.7,-4.7,213,89
"Randall Cobb","WR","GB",210.3,214.5,-4.2,214,90
"Boston Scott","RB","PHI",210.4,215.9,-5.5,215,65
"Kendrick Bourne","WR","NE",210.5,194.1,16.4,216,91
"Laviska Shenault","WR","JAX",210.6,198.7,11.9,217,92
"Gus Edwards","RB","BAL",210.9,166.3,44.6,218,66
"Kenyan Drake","RB","LV",210.9,212.2,-1.3,219,67
"Joshua Kelley","RB","LAC",211.3,216,-4.7,220,68
"Zach Wilson","QB","NYJ",211.5,162,49.5,221,31
"D'Ernest Johnson","RB","CLE",211.6,213.1,-1.5,222,69
"Kyle Philips","WR","TEN",212.1,215.9,-3.8,223,93
"Chuba Hubbard","RB","CAR",212.2,214.6,-2.4,224,70
"Trey Sermon","RB","SF",212.3,215.1,-2.8,225,71
"Khalil Shakir","WR","BUF",212.9,214.1,-1.2,226,94
"Nelson Agholor","WR","NE",213,215.9,-2.9,227,95
"D'Onta Foreman","RB","CAR",213,199.7,13.3,228,72
"Jaylen Warren","RB","PIT",213.1,216,-2.9,229,73
"Ameer Abdullah","RB","LV",213.2,216,-2.8,230,74
"Cedrick Wilson","WR","MIA",213.4,213.5,-0.1,231,96
"Jonnu Smith","TE","NE",213.8,215.2,-1.4,234,31
"Danny Gray","WR","SF",213.8,215.2,-1.4,235,98
"Sterling Shepard","WR","NYG",213.8,211.2,2.6,236,99
"Ronald Jones","RB","KC",213.8,128.6,85.2,237,76
"Rex Burkhead","RB","HOU",213.9,215.9,-2,238,77
"Tyler Conklin","TE","NYJ",214.1,215.8,-1.7,239,32
"Malik Willis","QB","TEN",214.3,215.9,-1.6,240,32
"Dontrell Hilliard","RB","TEN",214.5,215.9,-1.4,241,78
"Velus Jones","WR","CHI",214.7,213,1.7,242,100
"Samaje Perine","RB","CIN",214.7,215.2,-0.5,244,80
"Quez Watkins","WR","PHI",214.7,215.2,-0.5,245,101
"Chris Evans","RB","CIN",214.8,214.3,0.5,246,81
"Bryan Edwards","WR","LV",214.9,207.4,7.5,247,102
"Daniel Bellinger","TE","NYG",215,216,-1,248,33
"Mitchell Trubisky","QB","PIT",215.1,215.3,-0.2,249,33
"Demarcus Robinson","WR","LV",215.1,215.8,-0.7,250,103
"Trey McBride","TE","ARI",215.2,214.2,1,251,34
"Braxton Berrios","WR","NYJ",215.2,215.4,-0.2,252,104
"Jalen Guyton","WR","LAC",215.2,214.1,1.1,254,105
"Greg Dulcich","TE","DEN",215.3,215.6,-0.3,255,36
"Hassan Haskins","RB","TEN",215.4,205.8,9.6,256,82
"Geno Smith","QB","SEA",215.5,216,-0.5,257,34
"Noah Brown","WR","DAL",215.5,216,-0.5,258,106
"Byron Pringle","WR","CHI",215.6,210.8,4.8,259,107
"Justin Watson","WR","KC",215.6,216,-0.4,260,108
"Terrace Marshall","WR","CAR",215.6,215,0.6,261,109
"Ty Chandler","RB","MIN",215.6,216,-0.4,262,83
"Desmond Ridder","QB","ATL",215.6,214.8,0.8,263,35
"Eric Ezukanma","WR","MIA",215.7,216,-0.3,264,110
"Matt Breida","RB","NYG",215.7,214.9,0.8,265,84
"Denzel Mims","WR","NYJ",215.7,216,-0.3,266,111
"Marquez Callaway","WR","NO",215.7,215.3,0.4,267,112
"C.J. Uzomah","TE","NYJ",215.7,211.6,4.1,268,37
"Jody Fortson","TE","KC",215.7,216,-0.3,269,38
"Jauan Jennings","WR","SF",215.7,215.6,0.1,270,113
"Donald Parham","TE","LAC",215.8,215.9,-0.1,271,39
"Ty Montgomery","WR","NE",215.8,216,-0.2,272,114
"Myles Gaskin","RB","MIA",215.8,215.7,0.1,273,85
"Amari Rodgers","WR","GB",215.8,214.2,1.6,274,115
"Ashton Dulin","WR","IND",215.8,216,-0.2,275,116
"Jalen Reagor","WR","PHI",215.8,216,-0.2,276,117
"Benny Snell","RB","PIT",215.8,215.9,-0.1,277,86
"Foster Moreau","TE","LV",215.8,216,-0.2,278,40
"Jimmy Garoppolo","QB","SF",215.8,215.6,0.2,279,36
"Rashard Higgins","WR","CAR",215.8,216,-0.2,280,118
"Ke'Shawn Vaughn","RB","TB",215.8,215.9,-0.1,281,87
"Damien Williams","RB","ATL",215.8,215.4,0.4,282,88
"Tommy Tremble","TE","CAR",215.8,216,-0.2,283,41
"Montrell Washington","WR","DEN",215.8,216,-0.2,284,119
"Jacoby Brissett","QB","CLE",215.9,216,-0.1,285,37
"Josh Reynolds","WR","DET",215.9,215.9,0,286,120
"Adam Trautman","TE","NO",215.9,215.7,0.2,287,42
"Equanimeous St. Brown","WR","CHI",215.9,216,-0.1,289,122
"James Proche","WR","BAL",215.9,215.8,0.1,290,123
"Tyquan Thornton","WR","NE",215.9,214.9,1,291,124
"Mike Glennon","QB","NYG",215.9,216,-0.1,292,38
"Olamide Zaccheaus","WR","ATL",215.9,215.9,0,293,125
"Calvin Austin","WR","PIT",215.9,215.8,0.1,294,126
"Kyle Allen","QB","HOU",215.9,216,-0.1,295,39
"Jelani Woods","TE","IND",215.9,215.6,0.3,296,43
"Chad Henne","QB","KC",215.9,216,-0.1,297,40
"Rob Gronkowski","TE","TB",215.9,127.4,88.5,298,44
"DeeJay Dallas","RB","SEA",215.9,216,-0.1,299,89
"Tyler Johnson","WR","TB",215.9,215.9,0,300,127
"Kene Nwangwu","RB","MIN",215.9,216,-0.1,301,90
"Keelan Cole","WR","NYJ",215.9,216,-0.1,302,128
"Tyler Badie","RB","BAL",215.9,215.8,0.1,303,91
"Greg Dortch","WR","ARI",215.9,216,-0.1,304,129
"Chris Moore","WR","HOU",215.9,216,-0.1,305,130
"Jamal Agnew","WR","JAX",215.9,216,-0.1,306,131
"O.J. Howard","TE","BUF",215.9,215.6,0.3,307,45
"Richie James","WR","NYG",215.9,216,-0.1,308,132
"Andy Isabella","WR","ARI",215.9,215.9,0,309,133
"Pierre Strong","RB","NE",215.9,215.6,0.3,310,92
"Mack Hollins","WR","LV",215.9,216,-0.1,311,134
"Travis Homer","RB","SEA",215.9,216,-0.1,312,93
"Shi Smith","WR","CAR",215.9,216,-0.1,313,135
"Drew Lock","QB","SEA",215.9,215.1,0.8,314,41
"Durham Smythe","TE","MIA",215.9,216,-0.1,315,46
"Dante Pettis","WR","NYG",215.9,216,-0.1,316,136
"Keaontay Ingram","RB","ARI",215.9,209.8,6.1,317,94
"Teddy Bridgewater","QB","MIA",216,216,0,319,42
"Breshad Perriman","WR","TB",216,215.8,0.2,320,137
"Giovani Bernard","RB","TB",216,215.9,0.1,321,96
"Jerome Ford","RB","CLE",216,216,0,322,97
"Gunner Olszewski","WR","PIT",216,216,0,323,138
"Jaret Patterson","RB","WAS",216,216,0,324,98
"Tyler Huntley","QB","BAL",216,215.9,0.1,326,43
"DeAndre Carter","WR","LAC",216,216,0,327,140
"James Washington","WR","DAL",216,205.9,10.1,328,141
"Tre'Quan Smith","WR","NO",216,215.8,0.2,329,142
"Chris Conley","WR","HOU",216,216,0,330,143
"Darius Slayton","WR","NYG",216,215.9,0.1,331,144
"Harrison Bryant","TE","CLE",216,215.8,0.2,332,47
"Cade Otton","TE","TB",216,216,0,333,48
"Ihmir Smith-Marsette","WR","MIN",216,215.9,0.1,334,145
"Jake Ferguson","TE","DAL",216,216,0,335,49
"Simi Fehoko","WR","DAL",216,216,0,336,146
"John Metchie","WR","HOU",216,185.5,30.5,337,147
"DJ Turner","WR","LV",216,216,0,338,148
"Snoop Conner","RB","JAX",216,215.9,0.1,339,99
"Zach Pascal","WR","PHI",216,216,0,340,149
"Jared Cook","TE","LAC",216,215.4,0.6,341,50
"Dan Arnold","TE","JAX",216,215.9,0.1,342,51
"Joe Flacco","QB","NYJ",216,216,0,343,44
"Sam Howell","QB","WAS",216,216,0,344,45
"DeSean Jackson","WR","LV",216,216,0,345,150
"Deonte Harty","WR","NO",216,NA,NA,346,151
"Noah Gray","TE","KC",216,216,0,347,52
"Josh Gordon","WR","KC",216,215.9,0.1,348,152
"Mike Boone","RB","DEN",216,216,0,349,100
"J.J. Taylor","RB","NE",216,216,0,350,101
"Lawrence Cager","TE","NYJ",216,216,0,351,53
"Nick Bawden","RB","NYJ",216,216,0,352,102
"Kylen Granson","TE","IND",216,216,0,353,54
"Trestan Ebnar","RB","CHI",216,216,0,354,103
"Julius Chestnut","RB","TEN",216,216,0,355,104
"Scott Miller","WR","TB",216,216,0,356,153
"Gardner Minshew","QB","PHI",216,216,0,357,46
"Pharaoh Brown","TE","HOU",216,216,0,358,55
"Larry Rountree","RB","LAC",216,216,0,359,105
"Dare Ogunbowale","RB","HOU",216,216,0,360,106
"Ray-Ray McCloud","WR","SF",216,216,0,361,154
"Alex Collins","RB","SEA",216,216,0,362,107
"Cole Turner","TE","WAS",216,216,0,363,56
"Anthony McFarland","RB","PIT",216,216,0,364,108
"Geoff Swaim","TE","TEN",216,216,0,365,57
"Mike Strachan","WR","IND",216,216,0,367,156
"Jonathan Williams","RB","WAS",216,216,0,368,109
"Craig Reynolds","RB","DET",216,216,0,369,110
"Calvin Ridley","WR","ATL",216,215.9,0.1,371,158
"Travis Benjamin","WR","SF",216,216,0,372,159
"Adam Prentice","RB","NO",216,216,0,373,111
"Justin Jackson","RB","LAC",216,215.8,0.2,374,112
"Jordan Akins","TE","NYG",216,216,0,375,58
"Damiere Byrd","WR","ATL",216,216,0,376,160
"N'Keal Harry","WR","NE",216,216,0,377,161
"Will Dissly","TE","SEA",216,216,0,378,59
"Andy Dalton","QB","NO",216,216,0,379,47
"Phillip Lindsay","RB","MIA",216,216,0,380,113
"D'Wayne Eskridge","WR","SEA",216,216,0,381,162
"Brandon Bolden","RB","LV",216,216,0,382,114
"Royce Freeman","RB","HOU",216,216,0,383,115
"JaMycal Hasty","RB","SF",216,216,0,384,116
"Tyler Goodson","RB","GB",216,216,0,385,117
"Kalif Raymond","WR","DET",216,216,0,386,163
"C.J. Ham","RB","MIN",216,216,0,387,118
"Antonio Williams","RB","NYG",216,216,0,388,119
"Blake Bell","TE","KC",216,216,0,389,60
"Kennedy Brooks","RB","PHI",216,216,0,390,120
"Peyton Hendershot","TE","DAL",216,216,0,392,61
"Trent Sherfield","WR","MIA",216,216,0,393,164
"Juwan Johnson","TE","NO",216,216,0,394,62
"Daurice Fountain","WR","KC",216,216,0,395,165
"Josiah Deguara","TE","GB",216,216,0,396,63
"Justice Hill","RB","BAL",216,216,0,397,122
"Antoine Wesley","WR","ARI",216,215.8,0.2,398,166
"Thaddeus Moss","TE","CIN",216,216,0,400,65
"Jalen Virgil","WR","DEN",216,216,0,402,168
"Deon Jackson","RB","IND",216,216,0,403,123
"Mike Thomas","WR","CIN",216,216,0,404,169
"David Sills","WR","NYG",216,216,0,405,170
"Kyle Juszczyk","RB","SF",216,216,0,406,124
"Tyron Johnson","WR","LV",216,216,0,407,171
"Anthony Firkser","TE","ATL",216,216,0,408,66
"Dyami Brown","WR","WAS",216,215.9,0.1,409,172
"Ricky Seals-Jones","TE","NYG",216,215.3,0.7,410,67
"Drew Sample","TE","CIN",216,216,0,411,68
"Latavius Murray","RB","BAL",216,216,0,412,125
"Tylan Wallace","WR","BAL",216,215.5,0.5,413,173
"Tyler Kroft","TE","NYJ",216,216,0,414,69
"Marcedes Lewis","TE","GB",216,216,0,415,70
"Anthony Schwartz","WR","CLE",216,215.8,0.2,416,174
"Seth Williams","WR","DEN",216,216,0,417,175
"Dez Fitzpatrick","WR","TEN",216,216,0,418,176
"Kevin Harris","RB","NE",216,216,0,419,126
"Abram Smith","RB","NO",216,215.8,0.2,420,127
"Bo Melton","WR","SEA",216,216,0,421,177
"Khadarel Hodge","WR","ATL",216,216,0,423,179
"Jermar Jefferson","RB","DET",216,216,0,424,128
"Maxx Williams","TE","ARI",216,215.9,0.1,425,71
"Colt McCoy","QB","ARI",216,216,0,426,48
"John Bates","TE","WAS",216,216,0,427,72
"Trent Taylor","WR","CIN",216,216,0,428,180
"Ryan Griffin","QB","TB",216,216,0,429,49
"Tyrie Cleveland","WR","DEN",216,216,0,430,181
"Jonathan Ward","RB","ARI",216,216,0,431,129
"Rico Dowdle","RB","DAL",216,216,0,432,130
"Case Keenum","QB","BUF",216,216,0,433,50
"Mike Woods","WR","CLE",216,216,0,434,182
"Kirk Merritt","WR","NO",216,216,0,435,183
"Tommy Sweeney","TE","BUF",216,216,0,436,73
"Patrick Taylor","RB","GB",216,216,0,439,131
"Derek Watt","RB","PIT",216,216,0,440,132
"Phillip Dorsett","WR","HOU",216,216,0,441,185
"Samori Toure","WR","GB",216,216,0,443,186
"Tim Jones","WR","JAX",216,216,0,444,187
"Josh Adams","RB","NO",216,216,0,445,134
"Isaiah Hodgins","WR","BUF",216,216,0,446,188
"Andrew Ogletree","TE","IND",216,216,0,447,75
"Jared Bernhardt","QB","ATL",216,216,0,448,51
"Danny Davis","WR","GB",216,216,0,449,189
"Kendall Hinton","WR","DEN",216,216,0,451,190
"Chris Carson","RB","SEA",216,215.7,0.3,452,135
"Greg Ward","WR","PHI",216,216,0,453,191
"Emmanuel Sanders","WR","BUF",216,215.6,0.4,454,192
"Tim Patrick","WR","DEN",216,126.5,89.5,455,193
"Danny Amendola","WR","HOU",216,216,0,456,194
"James White","RB","NE",216,214.5,1.5,457,136
"Dontario Drummond","WR","DAL",216,216,0,458,195
"Kalen Ballage","RB","PIT",216,216,0,459,137
"Quintez Cephus","WR","DET",216,216,0,462,197
"Justyn Ross","WR","KC",216,200.4,15.6,463,198
"Jordan Love","QB","GB",216,216,0,464,52
"Keke Coutee","WR","IND",216,216,0,465,199
"Cam Sims","WR","WAS",216,216,0,466,200
"Jakeem Grant","WR","CLE",216,216,0,467,201
"David Johnson","RB","HOU",216,216,0,468,139
"Tre Turner","WR","LV",216,216,0,469,202
"Laquon Treadwell","WR","JAX",216,216,0,470,203
"Preston Williams","WR","MIA",216,216,0,471,204
"Charleston Rambo","WR","CAR",216,216,0,473,205
"Jalen Wydermyer","TE","BUF",216,216,0,474,78
"Deven Thompkins","WR","TB",216,216,0,475,206
"Miles Boykin","WR","PIT",216,216,0,476,207
"Chris Herndon","TE","MIN",216,216,0,478,80
"Ty Johnson","RB","NYJ",216,216,0,479,140
"Jordan Wilkins","RB","TEN",216,216,0,480,141
"Travis Fulgham","WR","DEN",216,216,0,481,208
"Brandon Allen","QB","CIN",216,216,0,482,53
"Jacob Hollister","TE","LV",216,216,0,483,81
"Salvon Ahmed","RB","MIA",216,216,0,484,142
"Peyton Barber","RB","LV",216,215.9,0.1,485,143
"D'Vonte Price","RB","IND",216,216,0,486,144
"C.J. Beathard","QB","JAX",216,216,0,487,54
"Jerreth Sterns","WR","TB",216,216,0,488,209
"Taylor Heinicke","QB","WAS",216,216,0,489,55
"DaeSean Hamilton","WR","HOU",216,216,0,490,210
"Mike Harley","WR","CLE",216,216,0,491,211
"Reggie Roberson","WR","TEN",216,216,0,492,212
"Darrynton Evans","RB","CHI",216,216,0,493,145
"Collin Johnson","WR","NYG",216,216,0,494,213
"Kylin Hill","RB","GB",216,216,0,495,146
"Malcolm Brown","RB","MIA",216,216,0,496,147
"Nick Mullens","QB","LV",216,216,0,497,56
"Ty Fryfogle","WR","DAL",216,216,0,498,214
"La'Mical Perine","RB","NYJ",216,216,0,499,148
"Adam Humphries","WR","WAS",216,216,0,500,215
"Marquez Stevenson","WR","BUF",216,216,0,501,216
"Steven Sims","WR","PIT",216,216,0,503,217
"Matt Corral","QB","CAR",216,215,1,504,57
"Isaiah Ford","WR","MIA",216,216,0,506,218
"James O'Shaughnessy","TE","CHI",216,216,0,507,82
"Ross Dwelley","TE","SF",216,216,0,508,83
"Lynn Bowden","WR","MIA",216,216,0,509,219
"Adam Shaheen","TE","MIA",216,216,0,511,84
"Carson Strong","QB","PHI",216,216,0,512,59
"Slade Bolden","WR","BAL",216,216,0,513,220
"Leddie Brown","RB","LAC",216,216,0,515,152
"Mohamed Sanu","WR","SF",216,216,0,516,221
"T.Y. Hilton","WR","IND",216,215.7,0.3,517,222
"Freddie Swain","WR","SEA",216,216,0,518,223
"Jake Luton","QB","JAX",216,216,0,519,60
"Stanley Berryhill","WR","ATL",216,216,0,520,224
"Charlie Kolar","TE","BAL",216,216,0,521,85
"Devonta Freeman","RB","BAL",216,215.9,0.1,522,153
"Marcus Johnson","WR","SF",216,216,0,523,225
"Tyler Vaughns","WR","PIT",216,216,0,524,226
"Dazz Newsome","WR","CHI",216,216,0,526,228
"Cornell Powell","WR","KC",216,216,0,527,229
"Nick Foles","QB","CHI",216,216,0,528,61
"Jeff Driskel","TE","HOU",216,216,0,529,86
"Jerrion Ealy","RB","KC",216,216,0,530,154
"Jesse James","TE","CHI",216,216,0,531,87
"Anthony Miller","WR","PIT",216,216,0,532,230
"Sam Ehlinger","QB","IND",216,216,0,534,62
"Kellen Mond","QB","MIN",216,216,0,535,63
"Ian Thomas","TE","CAR",216,216,0,536,88
"Nick Boyle","TE","BAL",216,216,0,537,89
"Jordan Howard","RB","PHI",216,216,0,538,156
"Jaivon Heiligh","WR","CIN",216,216,0,539,231
"Darwin Thompson","RB","SEA",216,216,0,540,157
"Max Borghi","RB","IND",216,216,0,541,158
"Raheem Blackshear","RB","BUF",216,216,0,542,159
"Bisi Johnson","WR","MIN",216,216,0,543,232
"Sincere McCormick","RB","SEA",216,216,0,544,160
"Kenny Stills","WR","NO",216,216,0,545,233
"Jeremy Ruckert","TE","NYJ",216,216,0,546,90
"MyCole Pruitt","TE","TEN",216,216,0,547,91
"Trey Ragas","RB","LV",216,216,0,548,161
"Jeff Smith","WR","NYJ",216,216,0,549,234
"KeeSean Johnson","WR","SF",216,216,0,550,235
"Ryan Izzo","TE","TEN",216,216,0,551,92
"Kaylon Geiger","WR","TB",216,216,0,552,236
"Cameron Batson","WR","TEN",216,216,0,553,237
"John Hightower","WR","PHI",216,216,0,554,238
"Jace Sternberger","TE","PIT",216,216,0,555,93
"Alec Ingold","RB","MIA",216,216,0,556,162
"Jalen Nailor","WR","MIN",216,216,0,557,239
"Javon McKinley","WR","DET",216,216,0,558,240
"Jaelon Darden","WR","TB",216,216,0,559,241
"Nick Vannett","TE","NO",216,216,0,561,95
"Auden Tate","WR","ATL",216,215.9,0.1,562,242
"Shane Buechele","QB","KC",216,216,0,563,64
"Sam Darnold","QB","CAR",216,216,0,566,65
"Demetric Felton","RB","CLE",216,216,0,567,163
"ZaQuandre White","RB","MIA",216,216,0,569,165
"Britain Covey","WR","PHI",216,216,0,570,244
"Jashuan Corbin","RB","NYG",216,216,0,571,166
"Mason Rudolph","QB","PIT",216,216,0,573,66
"Trayveon Williams","RB","CIN",216,216,0,574,167
"Darrell Daniels","TE","ARI",216,216,0,575,97
"Emeka Emezie","WR","BAL",216,216,0,576,246
"J.J. Arcega-Whiteside","TE","PHI",216,216,0,577,98
"Corey Clement","RB","DAL",216,216,0,578,168
"Gary Brightwell","RB","NYG",216,216,0,579,169
"Zach Davidson","TE","MIN",216,216,0,580,99
"Troy Fumagalli","TE","NE",216,216,0,581,100
"Gabe Nabers","RB","LAC",216,216,0,583,170
"Frank Darby","WR","ATL",216,216,0,585,247
"Brandon Zylstra","WR","CAR",216,216,0,586,248
"Nick Muse","TE","MIN",216,216,0,587,103
"Patrick Laird","RB","MIA",216,216,0,588,171
"CJ Verdell","RB","IND",216,216,0,589,172
"Ryan Nall","RB","DAL",216,216,0,590,173
"Alex Erickson","WR","CAR",216,216,0,591,249
"Malik Taylor","WR","GB",216,216,0,592,250
"Tre Nixon","WR","NE",216,216,0,593,251
"Jarrett Stidham","QB","NE",216,216,0,594,67
"Garrett Gilbert","QB","LV",216,215.9,0.1,595,68
"Brett Rypien","QB","DEN",216,216,0,596,69
"Blaine Gabbert","QB","TB",216,216,0,597,70
"Stephen Anderson","TE","ARI",216,216,0,598,104
"Kenny Yeboah","TE","NYJ",216,216,0,599,105
"Jimmy Graham","TE","CHI",216,216,0,601,106
"Luke Farrell","TE","JAX",216,216,0,602,107
"Chase Daniel","QB","LAC",216,216,0,603,71
"Master Teague","RB","CHI",216,216,0,604,175
"Jakob Johnson","RB","LV",216,216,0,606,176
"Phillip Walker","QB","CAR",216,216,0,607,73
"Jack Coan","QB","IND",216,216,0,608,74
"Patrick Ricard","RB","BAL",216,216,0,609,177
"Lil'Jordan Humphrey","WR","NO",216,216,0,610,252
"Brittain Brown","RB","LV",216,216,0,611,178
"Keith Smith","RB","ATL",216,216,0,612,179
"Diontae Spencer","WR","DEN",216,216,0,613,253
"Jaylen Samuels","RB","ARI",216,216,0,614,180
"Devin Asiasi","TE","NE",216,216,0,615,108
"Tevin Coleman","RB","NYJ",216,216,0,616,181
"Matt Barkley","QB","BUF",216,216,0,617,75
"Gerrid Doaks","RB","MIA",216,216,0,618,182
"Dominique Dafney","TE","GB",216,216,0,619,109
"Feleipe Franks","QB","ATL",216,216,0,620,76
"Trace McSorley","QB","ARI",216,216,0,621,77
"Pooka Williams","WR","CIN",216,216,0,622,254
"Bailey Zappe","QB","NE",216,216,0,623,78
"Zonovan Knight","RB","NYJ",216,216,0,624,183
"Tyrod Taylor","QB","NYG",216,216,0,625,79
"Joe Reed","WR","LAC",216,216,0,626,255
"Devine Ozigbo","RB","NE",216,216,0,627,184
"Jake Kumerow","WR","BUF",216,216,0,629,257
"Reggie Gilliam","RB","BUF",216,216,0,630,185
"Chris Streveler","QB","MIA",216,216,0,631,80
"Ja'Marcus Bradley","WR","CLE",216,216,0,632,258
"Cade Johnson","WR","SEA",216,216,0,633,259
"Chris Manhertz","TE","JAX",216,216,0,634,110
"Demetrius Harris","TE","ARI",216,216,0,635,111
"Grant Calcaterra","TE","PHI",216,216,0,636,112
"Cethan Carter","TE","MIA",216,216,0,637,113
"Johnny Mundt","TE","MIN",216,216,0,638,114
"Jaydon Mickens","WR","JAX",216,216,0,639,260
"Colin Thompson","TE","CAR",216,216,0,640,115
"Deon Yelder","TE","ARI",216,216,0,643,117
"River Cracraft","WR","MIA",216,216,0,644,261
"Ben DiNucci","QB","DAL",216,216,0,645,81
"Jason Croom","TE","PHI",216,216,0,646,118
"Michael Burton","RB","KC",216,216,0,647,187
"Trenton Cannon","RB","TEN",216,216,0,648,188
"James Mitchell","TE","DET",216,216,0,649,119
"Connor Heyward","TE","PIT",216,216,0,650,120
"Khari Blasingame","RB","CHI",216,216,0,651,189
"Lucas Krull","TE","NO",216,216,0,652,121
"Tanner Hudson","TE","SF",216,216,0,653,122
"Charlie Woerner","TE","SF",216,216,0,654,123
"Kahale Warring","TE","JAX",216,216,0,655,124
"Terry Godwin","WR","JAX",216,216,0,656,262
"Robert Foster","WR","NYG",216,216,0,658,263
"Elijhaa Penny","RB","NYG",216,216,0,659,190
"Dustin Crum","QB","KC",216,216,0,660,82
"Stephen Carlson","TE","CLE",216,216,0,662,127
"Ben Ellefson","TE","MIN",216,216,0,663,128
"Eric Saubert","TE","DEN",216,216,0,664,129
"Dalton Keene","TE","NE",216,216,0,665,130
"Brian Hoyer","QB","NE",216,216,0,666,83
"Antonio Gandy-Golden","WR","WAS",216,216,0,667,264
"David Blough","QB","DET",216,216,0,668,84
"Penny Hart","WR","SEA",216,216,0,669,265
"John Ross","WR","NYG",216,216,0,670,266
"Andy Janovich","RB","HOU",216,216,0,671,191
"Colby Parkinson","TE","SEA",216,216,0,672,131
"Matt Slater","WR","NE",216,216,0,673,267
"Tavon Austin","WR","JAX",216,216,0,674,268
"Jason Huntley","RB","PHI",216,216,0,675,192
"Scottie Phillips","RB","HOU",216,216,0,676,193
"Joshua Dobbs","QB","CLE",216,216,0,677,85
"Derek Carrier","TE","LV",216,216,0,678,132
"Nick Bellore","RB","SEA",216,216,0,679,194
"Vyncint Smith","WR","TB",216,216,0,682,270
"Cody Hollister","WR","TEN",216,216,0,684,271
"Marcus Kemp","WR","KC",216,216,0,685,272
"Gehrig Dieter","WR","KC",216,216,0,686,273
"Dwayne Washington","RB","NO",216,216,0,687,195
"Logan Woodside","QB","TEN",216,216,0,688,87
"Tony Jones","RB","NO",216,215.9,0.1,689,196
"Andre Roberts","WR","LAC",216,216,0,690,274
"Cullen Gillaspia","RB","NYG",216,216,0,691,197
"Taiwan Jones","RB","BUF",216,216,0,692,198
"Jeremy Sprinkle","TE","DAL",216,216,0,693,134
"Dede Westbrook","WR","MIN",216,216,0,694,275
"Trevon Wesco","TE","NYJ",216,216,0,695,135
"Trenton Irwin","WR","CIN",216,216,0,696,276
"Qadree Ollison","RB","ATL",216,216,0,698,199
"John Ursua","WR","SEA",216,216,0,703,280
"Albert Wilson","WR","MIA",216,216,0,706,281
"Isaiah Coulter","WR","CHI",216,216,0,708,283
"Cooper Rush","QB","DAL",216,216,0,709,89
"Mike White","QB","NYJ",216,216,0,710,90
"Marquise Goodwin","WR","CHI",216,215.9,0.1,711,284
"Kelvin Harmon","WR","WAS",216,216,0,712,285
"Skylar Thompson","QB","MIA",216,216,0,714,91
"Chris Myarick","TE","NYG",216,216,0,715,138
"J.P. Holtz","TE","NO",216,216,0,716,139
"Samson Nacua","WR","IND",216,216,0,717,286
"Braylon Sanders","WR","MIA",216,216,0,721,288
"DeMichael Harris","WR","IND",216,216,0,723,289
"Levi Lewis","QB","SEA",216,216,0,724,92
"Chester Rogers","WR","TEN",216,216,0,725,290
"Scotty Washington","TE","CIN",216,216,0,726,143
"Jake Tonges","TE","CHI",216,216,0,728,144
"Felix Harper","QB","CLE",216,216,0,730,94
"Kevin Shaa","WR","CHI",216,216,0,731,291
"Ricky Person","RB","BAL",216,216,0,732,202
"Tony Poljan","TE","BAL",216,216,0,735,147
"Jared Pinkney","TE","DET",216,216,0,736,148
"Devon Williams","WR","BAL",216,216,0,737,292
"Kevin Hogan","QB","TEN",216,216,0,738,95
"Briley Moore-McKinney","TE","TEN",216,216,0,739,149
"Jeremiah Hall","RB","NYG",216,216,0,740,204
"Cody White","WR","PIT",216,216,0,743,293
"Duke Johnson","RB","BUF",216,216,0,747,207
"Mitchell Wilcox","TE","CIN",216,216,0,748,151
"Tyshaun James","WR","ATL",216,216,0,749,295
"Elijah Holyfield","RB","CIN",216,216,0,753,208
"Justin Rigg","TE","CIN",216,216,0,757,153
"Chase Allen","TE","CHI",216,216,0,758,154
"Ryan Fitzpatrick","QB","WAS",216,216,0,759,98
"Ryan Becker","TE","ATL",216,216,0,762,156
"Kaleb Eleby","QB","SEA",216,216,0,765,99
"Davis Webb","QB","NYG",216,216,0,767,101
"Brandon Peters","QB","LAC",216,216,0,769,102
"T.J. Vasher","WR","DAL",216,216,0,771,301
"Zach Gentry","TE","PIT",216,216,0,772,158
"Dillon Stoner","WR","LV",216,216,0,775,304
"Ryquell Armstead","RB","JAX",216,216,0,777,212
"D'Eriq King","QB","NE",216,216,0,781,103
"Tory Carter","RB","TEN",216,216,0,782,214
"Myron Mitchell","WR","MIN",216,216,0,783,307
"Brock Wright","TE","DET",216,216,0,785,161
"Stone Smartt","TE","LAC",216,216,0,786,162
"Blake Proehl","WR","MIN",216,216,0,787,308
"Garrett Griffin","TE","DET",216,216,0,788,163
"Spencer Brown","RB","CAR",216,216,0,790,216
"Javonta Payton","WR","ARI",216,216,0,791,309
"Mekhi Sargent","RB","JAX",216,216,0,792,217
"Easton Stick","QB","LAC",216,216,0,793,104
"Aaron Fuller","WR","SEA",216,216,0,794,310
"Tyreik McAllister","RB","DEN",216,216,0,800,220
"Austin Trammell","WR","ATL",216,216,0,801,312
"Dylan Cantrell","TE","WAS",216,216,0,802,166
"Daylen Baldwin","WR","NYG",216,216,0,806,314
"Godwin Igwebuike","RB","DET",216,216,0,809,223
"Kristian Wilkerson","WR","NE",216,216,0,810,315
"Keke Chism","WR","GB",216,216,0,813,317
"Tommy Hudson","TE","TEN",216,216,0,815,168
"Juwan Green","WR","DEN",216,216,0,819,319
"Jacob Eason","QB","SEA",216,216,0,822,108
"Dezmon Patmon","WR","IND",216,216,0,824,320
"Kevin Marks","RB","LAC",216,216,0,826,226
"Easop Winston","WR","NO",216,216,0,827,321
"Andrew Beck","RB","DEN",216,216,0,829,227
"Chris Oladokun","QB","PIT",216,216,0,831,110
"Austin Walter","RB","NYJ",216,216,0,834,230
"Sutton Smith","RB","LV",216,216,0,838,231
"Austin Allen","TE","NYG",216,216,0,840,172
"Daniel Brown","TE","NYJ",216,216,0,842,174
"Davion Davis","WR","HOU",216,216,0,843,327
"Will Grier","QB","DAL",216,216,0,844,111
"Trevon Bradford","WR","LAC",216,216,0,845,328
"Dan Chisena","WR","MIN",216,216,0,850,330
"Richard Rodgers","TE","PHI",216,216,0,852,178
"C.J. Saunders","WR","CAR",216,216,0,854,331
"Andrew Parchment","WR","CAR",216,216,0,855,332
"Kawaan Baker","WR","NO",216,216,0,856,333
"Chad Hansen","WR","ATL",216,216,0,858,335
"Jontre Kirklin","WR","ARI",216,216,0,860,336
"Travis Jonsen","WR","TB",216,216,0,861,337
"Josh Oliver","TE","BAL",216,216,0,863,180
"Ian Book","QB","NO",216,216,0,864,113
"Ethan Wolf","TE","NO",216,216,0,867,181
"Quartney Davis","WR","IND",216,216,0,868,338
"Malik Turner","WR","SF",216,216,0,869,339
"Jalen McCleskey","WR","NO",216,216,0,871,340
"Mataeo Durant","RB","PIT",216,216,0,872,237
"Cyril Grayson","WR","TB",216,216,0,878,344
"Tyler Mabry","TE","SEA",216,216,0,879,183
"Kevin Austin","WR","JAX",216,216,0,881,345
"Tanner Gentry","WR","BUF",216,216,0,883,347
"Sammis Reyes","TE","WAS",216,216,0,884,185
"Marken Michel","WR","WAS",216,216,0,887,350
"Tyree Jackson","TE","PHI",216,216,0,889,187
"Reid Sinnett","QB","PHI",216,216,0,890,115
"BJ Baylor","RB","GB",216,216,0,892,239
"Malik Smith","TE","CLE",216,216,0,894,188
"Maurice Ffrench","WR","LAC",216,216,0,895,352
"Jake Browning","QB","CIN",216,216,0,897,117
"Rysen John","TE","NYG",216,216,0,898,189
"Paul Quessenberry","TE","HOU",216,216,0,901,190
"Anthony Turner","WR","GB",216,216,0,902,356
"Dylan Parham","TE","DEN",216,216,0,906,191
"Rico Bussey","WR","PIT",216,216,0,908,359
"Henry Litwin","WR","CHI",216,216,0,909,360
"Aaron Shampklin","RB","DAL",216,216,0,910,241
"Matt Cole","WR","SEA",216,216,0,914,362
"D.J. Montgomery","WR","NYJ",216,216,0,915,363
"Davis Cheek","QB","CAR",216,216,0,921,122
"Cody Thompson","WR","SEA",216,216,0,922,367
"Zander Horvath","RB","LAC",216,216,0,924,242
"Aaron Parker","WR","CAR",216,216,0,926,369
"Sean McKeon","TE","DAL",216,216,0,927,193
"Nate McCrary","RB","BAL",216,216,0,928,244
"Josh Hokit","RB","SF",216,216,0,929,245
"Nick Ralston","RB","DAL",216,216,0,930,246
"Nakia Griffin-Stewart","TE","KC",216,216,0,932,195
"Jeff Cotton","WR","JAX",216,216,0,936,371
"Nick Eubanks","TE","CIN",216,216,0,937,197
"Brian Hill","RB","SF",216,216,0,939,248
"Zaire Mitchell-Paden","TE","CLE",216,216,0,945,200
"Isaiah Weston","TE","CIN",216,216,0,949,201
"Nsimba Webster","WR","CHI",216,216,0,950,377
"Trevon Clark","WR","BAL",216,216,0,951,378
"John Raine","TE","ATL",216,216,0,952,202
"Eric Tomlinson","TE","DEN",216,216,0,955,204
"John Fitzpatrick","TE","ATL",216,216,0,957,205
"Drew Estrada","WR","HOU",216,216,0,958,380
"Keelan Doss","WR","DEN",216,216,0,959,381
"Sean Mannion","QB","MIN",216,216,0,960,123
"Farrod Green","TE","IND",216,216,0,961,206
"Shemar Bridges","WR","BAL",216,216,0,965,382
"Stanley Morgan","WR","CIN",216,216,0,970,385
"Nick Guggemos","TE","CLE",216,216,0,973,208
"John Kelly","RB","CLE",216,216,0,974,255
"Michael Bandy","WR","LAC",216,216,0,976,387
"Derrick Deese","TE","DET",216,216,0,978,210
"Savon Scarver","WR","CHI",216,216,0,981,388
"Jack Stoll","TE","PHI",216,216,0,982,212
"Jesper Horsted","TE","CHI",216,216,0,984,213
"Nathan Cottrell","RB","JAX",216,216,0,986,258
"Shermari Jones","RB","CIN",216,216,0,989,259
"Deon Cain","WR","PHI",216,216,0,992,392
"C.J. Board","WR","NYG",216,216,0,995,395
"Matt Sokol","TE","DET",216,216,0,996,215
"Connor Wedington","WR","SF",216,216,0,998,396
"Damon Hazelton","WR","HOU",216,216,0,1000,397
"Taysir Mack","WR","SF",216,216,0,1001,398
"Michael Young","WR","IND",216,216,0,1003,399
"Landon Lenoir","WR","CHI",216,216,0,1008,402
"Kenjon Barner","RB","TB",216,216,0,1009,264
"Nolan Given","TE","DET",216,216,0,1013,216
"Jaylon Moore","WR","BAL",216,216,0,1014,405
"Darius Anderson","RB","HOU",216,216,0,1016,266
"Ian Bunting","TE","DAL",216,216,0,1017,217
"Chase Garbers","QB","LV",216,216,0,1018,129
"Damarea Crockett","RB","DEN",216,216,0,1021,267
"Cole Fotheringham","TE","LV",216,216,0,1024,220
"Corey Sutton","WR","DET",216,216,0,1026,410
"Trey Quinn","WR","DEN",216,216,0,1029,412
"Brandon Johnson","WR","DEN",216,216,0,1030,413
"Brock Purdy","QB","SF",216,216,0,1033,130
"Luke Stocker","TE","MIN",216,216,0,1035,221
"Sewo Olonilua","RB","DAL",216,216,0,1036,270
"Andre Baccellia","WR","ARI",216,216,0,1037,416
"Steven Montez","QB","DET",216,216,0,1038,131
"Kekoa Crawford","WR","IND",216,216,0,1039,417
"Bryant Koback","RB","MIN",216,216,0,1040,271
"Dax Milne","WR","WAS",216,216,0,1041,418
"Brandon Dillon","TE","NYJ",216,216,0,1042,222
"Josh Babicz","TE","CAR",216,216,0,1043,223
"Stephen Sullivan","TE","CAR",216,216,0,1044,224
"Ko Kieft","TE","TB",216,216,0,1045,225
"Curtis Hodges","TE","WAS",216,216,0,1047,226
"Ron Hunt","WR","NYJ",216,216,0,1055,424
"Jequez Ezzard","WR","WAS",216,216,0,1056,425
"Alex Ellis","TE","ARI",216,216,0,1060,229
"Tajae Sharpe","WR","ATL",216,216,0,1062,428
"Mason Kinsey","WR","TEN",216,216,0,1064,429
"Irvin Charles","WR","NYJ",216,216,0,1066,430
"Shane Zylstra","TE","DET",216,216,0,1070,232
"Jake Fromm","QB","NYG",216,216,0,1072,134
"Chigoziem Okonkwo","TE","TEN",216,216,0,1075,233
"Travell Harris","WR","CLE",216,216,0,1080,434
"Trevor Siemian","QB","CHI",216,216,0,1083,135
"Nick Bowers","TE","LV",216,216,0,1086,236
"Ronnie Rivers","RB","ARI",216,216,0,1087,278
"Greg Bell","RB","DET",216,216,0,1089,279
"Rodney Williams","TE","DEN",216,216,0,1093,239
"Austin Proehl","WR","NYG",216,216,0,1098,441
"Teagan Quitoriano","TE","HOU",216,216,0,1099,242
"Josh Malone","WR","TEN",216,216,0,1105,444
"Jordan Matthews","TE","SF",216,216,0,1110,244
"Daniel Helm","TE","ATL",216,216,0,1111,245
"Alex Bachman","WR","NYG",216,216,0,1112,445
"Dareke Young","WR","SEA",216,216,0,1113,446
"Eli Wolf","TE","IND",216,216,0,1117,246
"Giovanni Ricci","RB","CAR",216,216,0,1118,286
"Cole Kelley","QB","WAS",216,216,0,1122,140
"Rashid Shaheed","WR","NO",216,216,0,1123,450
"Darius Bradwell","RB","CAR",216,216,0,1125,289
"Jake Hausmann","TE","NYG",216,216,0,1127,247
"Bryce Watts","RB","PIT",216,216,0,1128,290
"Shaun Beyer","TE","DEN",216,216,0,1135,249
"Thomas Hennigan","WR","MIN",216,216,0,1138,455
"Ben Beise","TE","TB",216,216,0,1142,252
"Antony Auclair","TE","HOU",216,216,0,1143,253
"Keshunn Abram","WR","NYJ",216,216,0,1144,456
"Danny Etling","QB","GB",216,216,0,1145,142
"Erik Krommenhoek","TE","LAC",216,216,0,1147,254
"Wayne Gallman","RB","MIN",216,216,0,1148,296
"Josh Johnson","WR","DET",216,216,0,1150,457
"Kurt Benkert","QB","GB",216,216,0,1151,144
"Adrian Peterson","RB","SEA",216,216,0,1155,298
"Kwamie Kassiter","WR","CIN",216,216,0,1157,460
"John Lovett","RB","CAR",216,216,0,1158,299
"Gerrit Price","TE","JAX",216,216,0,1160,255
"Noah Togiai","TE","PHI",216,216,0,1166,257
"Jake Bargas","RB","MIN",216,216,0,1167,302
"Kevin White","WR","NO",216,216,0,1168,464
"Derrick Gore","RB","KC",216,215.9,0.1,1170,303
"Rico Gafford","WR","GB",216,216,0,1175,468
"Kevin Rader","TE","PIT",216,216,0,1178,258
"Tay Martin","WR","SF",216,216,0,1180,471
"Cody Core","WR","MIA",216,215.9,0.1,1183,472
"Binjimen Victor","WR","BAL",216,215.9,0.1,1186,475
"Malik Williams","WR","BUF",216,215.9,0.1,1188,477
"Ryan Willis","QB","CHI",216,215.6,0.4,1189,148
"Josh Hammond","WR","JAX",216,216,0,1190,478
"Changa Hodges","WR","ARI",216,216,0,1191,479
"Kalil Pimpleton","WR","DET",216,215.9,0.1,1194,481
"Tyler Davis","TE","GB",216,216,0,1195,260
"Austin Fort","TE","TEN",216,216,0,1196,261
"Tre Ford","QB","BAL",216,215.9,0.1,1199,150
"Caleb Huntley","RB","ATL",216,215.3,0.7,1201,306
"Brayden Lenius","TE","ATL",216,216,0,1203,264
"Kyric McGowan","WR","WAS",216,216,0,1204,484
"Tayon Fleet-Davis","RB","KC",216,216,0,1205,307
"Jason Cabinda","RB","DET",216,216,0,1207,309
"Rodney Adams","WR","NYJ",216,216,0,1208,485
"Brandon Smith","WR","DAL",216,216,0,1210,486
"J.J. Nelson","WR","IND",216,216,0,1213,488
"Makai Polk","WR","BAL",216,216,0,1214,489
"JaQuan Hardy","RB","DAL",216,216,0,1215,311
"Alex Armah","RB","WAS",216,216,0,1217,312
"Codey McElroy","TE","TB",216,216,0,1218,267
"Caleb Wilson","TE","DEN",216,216,0,1219,268
"Tim Boyle","QB","DET",216,216,0,1222,151
"Cyrus Holder","WR","CHI",216,216,0,1226,490
"Jason Moore","WR","LAC",216,216,0,1227,491
"Kyle Trask","QB","TB",216,216,0,1231,153
"Reggie Bonnafon","RB","WAS",216,216,0,1232,316
"Sandro Platzgummer","RB","NYG",216,216,0,1233,317
"Bernhard Seikovits","TE","ARI",216,216,0,1238,274
"Dexter Williams","RB","CLE",216,216,0,1240,319
"Travis Toivonen","WR","NYG",216,216,0,1241,494
"Miller Forristall","TE","CLE",216,216,0,1242,275
"Austin Watkins","WR","TB",216,216,0,1243,495
"Racey McMath","WR","TEN",216,216,0,1246,498
"Tom Kennedy","WR","DET",216,216,0,1247,499
"A.J. Rose","RB","MIN",216,216,0,1248,320
"Dai'Jean Dixon","WR","NO",216,216,0,1249,500
"Matt Bushman","TE","KC",216,216,0,1251,277
"Artavis Pierce","RB","DEN",216,216,0,1253,321
"Tre' McKitty","TE","LAC",216,216,0,1260,279
"David Moore","WR","CHI",216,216,0,1261,504
"Trey Edmunds","RB","PIT",216,216,0,1262,323
"Michael Jacobson","TE","IND",216,216,0,1263,280
"Jalen Camp","WR","HOU",216,216,0,1264,505
"David Wells","TE","ARI",216,216,0,1266,281
"James Morgan","QB","IND",216,216,0,1269,159
"Austin Mack","WR","SF",216,216,0,1270,506
"Neal Pau'u","WR","BUF",216,216,0,1271,507
"Javon Wims","WR","CLE",216,216,0,1273,508
"Tanner Conner","WR","MIA",216,216,0,1280,510
"Stephon Robinson","WR","ARI",216,216,0,1281,511
"Ra'Shaun Henry","WR","CAR",216,216,0,1282,512
"Nate Sudfeld","QB","SF",216,216,0,1286,161
"Hunter Long","TE","MIA",216,216,0,1291,288
"Dennis Houston","WR","DAL",216,216,0,1293,515
"Mark Vital","TE","KC",216,216,0,1295,290
"Ryan Switzer","WR","CLE",216,216,0,1299,516
"Chris Blair","WR","GB",216,216,0,1302,519
"EJ Perry","QB","PHI",216,216,0,1304,164
"Hunter Kampmoyer","TE","LAC",216,216,0,1306,291
"Seth Green","TE","HOU",216,216,0,1307,292
"Tommylee Lewis","WR","MIA",216,216,0,1308,521
"Quintin Morris","TE","BUF",216,216,0,1310,293
"Alize Mack","TE","GB",216,216,0,1314,294
"Ty'Son Williams","RB","BAL",216,216,0,1315,333
"Trinity Benson","WR","DET",216,216,0,1316,524
"Parker Hesse","TE","ATL",216,216,0,1317,295
"Anthony Brown","QB","BAL",216,216,0,1320,166
"Brian Lewerke","QB","NYG",216,216,0,1322,167
"Trishton Jackson","WR","MIN",216,216,0,1323,528
"Corey Coleman","WR","KC",216,216,0,1331,533
"Tarik Black","WR","NYJ",216,216,0,1332,534
"Juwann Winfree","WR","GB",216,216,0,1333,535
"Anthony Gordon","QB","KC",216,216,0,1334,168
"Dylan Soehner","TE","NO",216,216,0,1335,298
"Johnny Johnson","WR","HOU",216,216,0,1336,536
"Johnny Stanton","RB","CLE",216,216,0,1341,335
