RK,TIERS,PLAYER NAME,TEAM,POS
1,1,Justin Jefferson,MIN,WR1
2,1,Christian McCaffrey,SF,RB1
3,1,Ja'Marr Chase,CIN,WR2
4,1,Austin Ekeler,LAC,RB2
5,2,Cooper Kupp,LAR,WR3
6,2,Travis Kelce,KC,TE1
7,2,Bijan Robinson,ATL,RB3
8,2,Tyreek Hill,MIA,WR4
9,2,Nick Chubb,CLE,RB4
10,2,Jonathan Taylor,IND,RB5
11,2,Saquon Barkley,NYG,RB6
12,3,Stefon Diggs,BUF,WR5
13,3,Tony Pollard,DAL,RB7
14,3,CeeDee Lamb,DAL,WR6
15,3,Derrick Henry,TEN,RB8
16,3,A.J. Brown,PHI,WR7
17,3,Davante Adams,LV,WR8
18,3,Amon-Ra St. Brown,DET,WR9
19,3,Josh Jacobs,LV,RB9
20,3,Garrett Wilson,NYJ,WR10
21,3,Rhamondre Stevenson,NE,RB10
22,3,Jaylen Waddle,MIA,WR11
23,4,Chris Olave,NO,WR12
24,4,Breece Hall,NYJ,RB11
25,4,Najee Harris,PIT,RB12
26,4,Mark Andrews,BAL,TE2
27,4,Tee Higgins,CIN,WR13
28,4,DeVonta Smith,PHI,WR14
29,4,Patrick Mahomes II,KC,QB1
30,4,Joe Mixon,CIN,RB13
31,4,Josh Allen,BUF,QB2
32,4,Jalen Hurts,PHI,QB3
33,4,Travis Etienne Jr.,JAC,RB14
34,4,DK Metcalf,SEA,WR15
35,4,Aaron Jones,GB,RB15
36,4,Jahmyr Gibbs,DET,RB16
37,4,Amari Cooper,CLE,WR16
38,5,Keenan Allen,LAC,WR17
39,5,Kenneth Walker III,SEA,RB17
40,5,Deebo Samuel,SF,WR18
41,5,J.K. Dobbins,BAL,RB18
42,5,T.J. Hockenson,MIN,TE3
43,5,Miles Sanders,CAR,RB19
44,5,Calvin Ridley,JAC,WR19
45,5,Lamar Jackson,BAL,QB4
46,5,Joe Burrow,CIN,QB5
47,5,DJ Moore,CHI,WR20
48,5,Cam Akers,LAR,RB20
49,5,Jerry Jeudy,DEN,WR21
50,5,Terry McLaurin,WAS,WR22
51,5,Drake London,ATL,WR23
52,6,Alexander Mattison,MIN,RB21
53,6,Dameon Pierce,HOU,RB22
54,6,DeAndre Hopkins,TEN,WR24
55,6,Christian Watson,GB,WR25
56,6,Chris Godwin,TB,WR26
57,6,Justin Fields,CHI,QB6
58,6,James Conner,ARI,RB23
59,6,George Kittle,SF,TE4
60,6,Justin Herbert,LAC,QB7
61,6,Tyler Lockett,SEA,WR27
62,6,Rachaad White,TB,RB24
63,6,Brandon Aiyuk,SF,WR28
64,6,Christian Kirk,JAC,WR29
65,6,Mike Williams,LAC,WR30
66,6,Kyle Pitts,ATL,TE5
67,6,David Montgomery,DET,RB25
68,6,Dallas Goedert,PHI,TE6
69,6,Isiah Pacheco,KC,RB26
70,6,Michael Pittman Jr.,IND,WR31
71,6,Diontae Johnson,PIT,WR32
72,6,Trevor Lawrence,JAC,QB8
73,6,D'Andre Swift,PHI,RB27
74,6,Marquise Brown,ARI,WR33
75,6,Javonte Williams,DEN,RB28
76,6,Mike Evans,TB,WR34
77,6,Alvin Kamara,NO,RB29
78,6,Darren Waller,NYG,TE7
79,7,Dalvin Cook,FA,RB30
80,7,James Cook,BUF,RB31
81,7,Jahan Dotson,WAS,WR35
82,7,Jordan Addison,MIN,WR36
83,7,Treylon Burks,TEN,WR37
84,7,AJ Dillon,GB,RB32
85,7,Antonio Gibson,WAS,RB33
86,7,George Pickens,PIT,WR38
87,7,Deshaun Watson,CLE,QB9
88,7,Brian Robinson Jr.,WAS,RB34
89,7,Jaxon Smith-Njigba,SEA,WR39
90,7,Dak Prescott,DAL,QB10
91,7,Khalil Herbert,CHI,RB35
92,7,Evan Engram,JAC,TE8
93,7,Pat Freiermuth,PIT,TE9
94,7,Gabe Davis,BUF,WR40
95,7,Rashaad Penny,PHI,RB36
96,7,Brandin Cooks,DAL,WR41
97,7,Tua Tagovailoa,MIA,QB11
98,7,Samaje Perine,DEN,RB37
99,7,Kadarius Toney,KC,WR42
100,8,Quentin Johnston,LAC,WR43
101,8,Courtland Sutton,DEN,WR44
102,8,David Njoku,CLE,TE10
103,8,Damien Harris,BUF,RB38
104,8,Jamaal Williams,NO,RB39
105,8,Rashod Bateman,BAL,WR45
106,8,Daniel Jones,NYG,QB12
107,8,Kirk Cousins,MIN,QB13
108,8,Elijah Moore,CLE,WR46
109,8,JuJu Smith-Schuster,NE,WR47
110,8,Zach Charbonnet,SEA,RB40
111,8,Michael Thomas,NO,WR48
112,8,Geno Smith,SEA,QB14
113,8,Jakobi Meyers,LV,WR49
114,8,Zay Flowers,BAL,WR50
115,8,Elijah Mitchell,SF,RB41
116,8,Dalton Schultz,HOU,TE11
117,8,Jerick McKinnon,KC,RB42
118,8,Aaron Rodgers,NYJ,QB15
119,8,Jameson Williams,DET,WR51
120,8,Chigoziem Okonkwo,TEN,TE12
121,8,Greg Dulcich,DEN,TE13
122,8,Allen Lazard,NYJ,WR52
123,8,Darnell Mooney,CHI,WR53
124,8,Jeff Wilson Jr.,MIA,RB43
125,8,Jared Goff,DET,QB16
126,8,Nico Collins,HOU,WR54
127,8,Tyler Allgeier,ATL,RB44
128,8,Devin Singletary,HOU,RB45
129,8,De'Von Achane,MIA,RB46
130,8,Russell Wilson,DEN,QB17
131,9,Skyy Moore,KC,WR55
132,9,D'Onta Foreman,CHI,RB47
133,9,Tyler Higbee,LAR,TE14
134,9,Zay Jones,JAC,WR56
135,9,Cole Kmet,CHI,TE15
136,9,Raheem Mostert,MIA,RB48
137,9,Tyler Boyd,CIN,WR57
138,9,Rondale Moore,ARI,WR58
139,9,Jaylen Warren,PIT,RB49
140,9,Anthony Richardson,IND,QB18
141,9,Odell Beckham Jr.,BAL,WR59
142,9,DJ Chark Jr.,CAR,WR60
143,9,Adam Thielen,CAR,WR61
144,9,Gerald Everett,LAC,TE16
145,9,Donovan Peoples-Jones,CLE,WR62
146,9,Michael Gallup,DAL,WR63
147,9,Romeo Doubs,GB,WR64
148,9,Kendre Miller,NO,RB50
149,9,Kenneth Gainwell,PHI,RB51
150,9,Matthew Stafford,LAR,QB19
151,9,Derek Carr,NO,QB20
152,9,Tank Bigsby,JAC,RB52
153,9,Juwan Johnson,NO,TE17
154,9,Rashid Shaheed,NO,WR65
155,9,Chuba Hubbard,CAR,RB53
156,9,Dalton Kincaid,BUF,TE18
157,9,Mike Gesicki,NE,TE19
158,9,Gus Edwards,BAL,RB54
159,9,K.J. Osborn,MIN,WR66
160,9,Alec Pierce,IND,WR67
161,9,Roschon Johnson,CHI,RB55
162,10,Kenny Pickett,PIT,QB21
163,10,Jerome Ford,CLE,RB56
164,10,Dawson Knox,BUF,TE20
165,10,Trey McBride,ARI,TE21
166,10,Hunter Renfrow,LV,WR68
167,10,Irv Smith Jr.,CIN,TE22
168,10,Isaiah Hodgins,NYG,WR69
169,10,Clyde Edwards-Helaire,KC,RB57
170,10,Curtis Samuel,WAS,WR70
171,10,Jordan Love,GB,QB22
172,10,Cordarrelle Patterson,ATL,RB58
173,10,Michael Carter,NYJ,RB59
174,10,Ezekiel Elliott,FA,RB60
175,10,Jonathan Mingo,CAR,WR71
176,10,Wan'Dale Robinson,NYG,WR72
177,10,Darius Slayton,NYG,WR73
178,10,Van Jefferson,LAR,WR74
179,10,Sam LaPorta,DET,TE23
180,10,Taysom Hill,NO,TE24
181,10,Marquez Valdes-Scantling,KC,WR75
182,10,John Metchie III,HOU,WR76
183,10,Zamir White,LV,RB61
184,10,Bryce Young,CAR,QB23
185,10,Chase Claypool,CHI,WR77
186,10,Tyquan Thornton,NE,WR78
187,10,Kyler Murray,ARI,QB24
188,10,DeVante Parker,NE,WR79
189,10,Hayden Hurst,CAR,TE25
190,10,Parris Campbell,NYG,WR80
191,10,San Francisco 49ers,SF,DST1
192,10,Noah Fant,SEA,TE26
193,10,Brock Purdy,SF,QB25
194,10,Dallas Cowboys,DAL,DST2
195,10,Buffalo Bills,BUF,DST3
196,10,Allen Robinson II,PIT,WR81
197,10,Philadelphia Eagles,PHI,DST4
198,10,Robert Woods,HOU,WR82
199,10,Hunter Henry,NE,TE27
200,10,Pierre Strong Jr.,NE,RB62
201,10,Joshua Palmer,LAC,WR83
202,11,Leonard Fournette,FA,RB63
203,11,Joshua Kelley,LAC,RB64
204,11,Mecole Hardman Jr.,NYJ,WR84
205,11,Jalin Hyatt,NYG,WR85
206,11,Justin Tucker,BAL,K1
207,11,Tim Patrick,DEN,WR86
208,11,New England Patriots,NE,DST5
209,11,New York Jets,NYJ,DST6
210,11,Zach Ertz,ARI,TE28
211,11,Rashee Rice,KC,WR87
212,11,Terrace Marshall Jr.,CAR,WR88
213,11,Ryan Tannehill,TEN,QB26
214,11,Baltimore Ravens,BAL,DST7
215,11,Denver Broncos,DEN,DST8
216,11,Tyler Bass,BUF,K2
217,11,C.J. Stroud,HOU,QB27
218,11,Josh Downs,IND,WR89
219,11,Jayden Reed,GB,WR90
220,11,Sam Howell,WAS,QB28
221,11,Tyjae Spears,TEN,RB65
222,11,Kareem Hunt,FA,RB66
223,11,Jimmy Garoppolo,LV,QB29
224,11,Daniel Carlson,LV,K3
225,11,Corey Davis,NYJ,WR91
226,11,Harrison Butker,KC,K4
227,11,Evan McPherson,CIN,K5
228,11,Michael Mayer,LV,TE29
229,11,Mac Jones,NE,QB30
230,11,Jelani Woods,IND,TE30
231,11,Chase Edmonds,TB,RB67
232,11,Kansas City Chiefs,KC,DST9
233,11,Chase Brown,CIN,RB68
234,11,New Orleans Saints,NO,DST10
235,11,Pittsburgh Steelers,PIT,DST11
236,11,Cincinnati Bengals,CIN,DST12
237,11,Russell Gage,TB,WR92
238,11,Zach Evans,LAR,RB69
239,11,Younghoe Koo,ATL,K6
240,11,Miami Dolphins,MIA,DST13
241,11,Desmond Ridder,ATL,QB31
242,11,Isaiah Likely,BAL,TE31
243,11,Jason Sanders,MIA,K7
244,11,Israel Abanikanda,NYJ,RB70
245,11,Tampa Bay Buccaneers,TB,DST14
246,11,Khalil Shakir,BUF,WR93
247,11,Cleveland Browns,CLE,DST15
248,11,Washington Commanders,WAS,DST16
249,11,Los Angeles Chargers,LAC,DST17
250,11,Jake Elliott,PHI,K8
251,11,Cade Otton,TB,TE32
252,11,Green Bay Packers,GB,DST18
253,11,Jason Myers,SEA,K9
254,12,Logan Thomas,WAS,TE33
255,12,Brandon McManus,JAC,K10
256,12,Marvin Mims Jr.,DEN,WR94
257,12,Marvin Jones Jr.,DET,WR95
258,12,Richie James Jr.,KC,WR96
259,12,Josh Reynolds,DET,WR97
260,12,Isaiah Spiller,LAC,RB71
261,12,Matt Gay,IND,K11
262,12,Graham Gano,NYG,K12
263,12,Sterling Shepard,NYG,WR98
264,12,Indianapolis Colts,IND,DST19
265,12,Mack Hollins,ATL,WR99
266,12,Nick Folk,NE,K13
267,12,Kyren Williams,LAR,RB72
268,12,Greg Joseph,MIN,K14
269,12,Baker Mayfield,TB,QB32
270,12,Jacksonville Jaguars,JAC,DST20
271,12,Kendrick Bourne,NE,WR100
272,12,Los Angeles Rams,LAR,DST21
273,12,Boston Scott,PHI,RB73
274,12,Greg Zuerlein,NYJ,K15
275,12,Wil Lutz,NO,K16
276,12,Zack Moss,IND,RB74
277,12,D'Ernest Johnson,JAC,RB75
278,12,Matt Prater,ARI,K17
279,12,Carolina Panthers,CAR,DST22
280,12,Matt Breida,NYG,RB76
281,12,Isaiah McKenzie,IND,WR101
282,12,Trey Lance,SF,QB33
283,12,Zonovan Knight,NYJ,RB77
284,12,New York Giants,NYG,DST23
285,12,Seattle Seahawks,SEA,DST24
286,12,Chris Boswell,PIT,K18
287,12,Quez Watkins,PHI,WR102
288,12,Tennessee Titans,TEN,DST25
289,12,Tyler Conklin,NYJ,TE34
290,12,DeWayne McBride,MIN,RB78
291,12,Luke Musgrave,GB,TE35
292,12,JaMycal Hasty,JAC,RB79
293,12,Jordan Mason,SF,RB80
294,12,Dustin Hopkins,LAC,K19
295,12,Laviska Shenault Jr.,CAR,WR103
296,12,Detroit Lions,DET,DST26
297,12,James Robinson,NYG,RB81
298,12,Latavius Murray,BUF,RB82
299,12,Riley Patterson,DET,K20
300,12,Daniel Bellinger,NYG,TE36
301,12,Cairo Santos,CHI,K21
302,12,Cedric Tillman,CLE,WR104
303,12,Ty Chandler,MIN,RB83
304,12,Nick Westbrook-Ikhine,TEN,WR105
305,12,Devin Duvernay,BAL,WR106
306,12,Sean Tucker,TB,RB84
307,12,Jake Ferguson,DAL,TE37
308,12,Ronald Jones II,DAL,RB85
309,12,Deuce Vaughn,DAL,RB86
310,12,Tank Dell,HOU,WR107
311,12,Braxton Berrios,MIA,WR108
312,12,Austin Hooper,LV,TE38
313,12,Kayshon Boutte,NE,WR109
314,12,Malik Davis,DAL,RB87
315,13,Ka'imi Fairbairn,HOU,K22
316,13,Minnesota Vikings,MIN,DST27
317,13,Tyrion Davis-Price,SF,RB88
318,13,Chris Evans,CIN,RB89
319,13,Jake Moody,SF,K23
320,13,Hassan Haskins,TEN,RB90
321,13,David Bell,CLE,WR110
322,13,KJ Hamler,DEN,WR111
323,13,Evan Hull,IND,RB91
324,13,Keaontay Ingram,ARI,RB92
325,13,Puka Nacua,LAR,WR112
326,13,Eric Gray,NYG,RB93
327,13,Jacoby Brissett,WAS,QB34
328,13,Will Levis,TEN,QB35
329,13,Michael Badgley,WAS,K24
330,13,Arizona Cardinals,ARI,DST28
331,13,Albert Okwuegbunam,DEN,TE39
332,13,Eno Benjamin,NO,RB94
333,13,Justyn Ross,KC,WR113
334,13,Greg Dortch,ARI,WR114
335,13,Salvon Ahmed,MIA,RB95
336,13,Luke Schoonmaker,DAL,TE40
337,13,Jonnu Smith,ATL,TE41
338,13,Kyle Philips,TEN,WR115
339,13,Robert Tonyan,CHI,TE42
340,13,Melvin Gordon III,BAL,RB96
341,13,Cade York,CLE,K25
342,13,Robbie Gould,FA,K26
343,13,Ryan Succop,FA,K27
344,13,DeeJay Dallas,SEA,RB97
345,13,Brett Maher,DEN,K28
346,13,Michael Wilson,ARI,WR116
347,13,Trayveon Williams,CIN,RB98
348,13,Robbie Chosen,MIA,WR117
349,13,Nelson Agholor,BAL,WR118
350,13,Myles Gaskin,MIA,RB99
351,13,Cameron Dicker,LAC,K29
352,13,J.D. McKissic,FA,RB100
353,13,Tutu Atwell,LAR,WR119
354,14,Rodrigo Blankenship,TB,K30
355,14,Mason Crosby,FA,K31
356,14,Tristan Vizcaino,DAL,K32
357,14,Foster Moreau,NO,TE43
358,14,Deonte Harty,BUF,WR120
359,14,Darnell Washington,PIT,TE44
360,14,Sam Darnold,SF,QB36
361,14,Kenyan Drake,FA,RB101
362,14,Xavier Hutchinson,HOU,WR121
363,14,Julio Jones,FA,WR122
364,14,Jarvis Landry,FA,WR123
365,14,Ben Skowronek,LAR,WR124
366,14,Eddy Pineiro,CAR,K33
367,14,Darrell Henderson Jr.,FA,RB102
368,14,Jauan Jennings,SF,WR125
369,14,Gardner Minshew II,IND,QB37
370,14,A.T. Perry,NO,WR126
371,14,Chicago Bears,CHI,DST29
372,14,Jamison Crowder,NYG,WR127
373,14,Tucker Kraft,GB,TE45
374,14,Dontrell Hilliard,FA,RB103
375,14,Tyler Scott,CHI,WR128
376,14,Deon Jackson,IND,RB104
377,14,Colt McCoy,ARI,QB38
378,14,Noah Brown,HOU,WR129
379,14,Kenny McIntosh,SEA,RB105
380,14,Atlanta Falcons,ATL,DST30
381,14,Noah Gray,KC,TE46
382,14,Houston Texans,HOU,DST31
383,14,Donald Parham Jr.,LAC,TE47
384,14,Kevin Harris,NE,RB106
385,14,Adam Trautman,DEN,TE48
386,14,Ke'Shawn Vaughn,TB,RB107
387,14,Justin Jackson,FA,RB108
388,14,Chris Rodriguez Jr.,WAS,RB109
389,14,Brevin Jordan,HOU,TE49
390,14,Olamide Zaccheaus,PHI,WR130
391,14,Will Dissly,SEA,TE50
392,14,Harrison Bryant,CLE,TE51
393,14,Darrel Williams,FA,RB110
394,14,Ty Montgomery,NE,RB111
395,14,Kyle Trask,TB,QB39
396,14,Jalen Tolbert,DAL,WR131
397,14,C.J. Uzomah,NYJ,TE52
398,14,Mo Alie-Cox,IND,TE53
399,14,Ameer Abdullah,LV,RB112
400,14,Marquez Callaway,DEN,WR132
401,14,Chris Moore,TEN,WR133
402,14,Jameis Winston,NO,QB40
403,14,Deneric Prince,KC,RB113
404,14,Trent Sherfield,BUF,WR134
405,14,Kene Nwangwu,MIN,RB114
406,14,Mark Ingram II,FA,RB115
407,14,Durham Smythe,MIA,TE54
408,14,Las Vegas Raiders,LV,DST32
409,14,Kalif Raymond,DET,WR135
410,14,Parker Washington,JAC,WR136
411,14,Joey Slye,WAS,K34
412,14,Raheem Blackshear,CAR,RB116
413,14,Marlon Mack,FA,RB117
414,14,Craig Reynolds,DET,RB118
415,14,Randall Cobb,NYJ,WR137
416,14,Calvin Austin III,PIT,WR138
417,14,Taylor Heinicke,ATL,QB41
418,14,Peyton Hendershot,DAL,TE55
419,14,Ty Johnson,FA,RB119
420,14,Cedrick Wilson Jr.,MIA,WR139
421,14,Kylen Granson,IND,TE56
422,15,Rex Burkhead,FA,RB120
423,15,Sony Michel,LAR,RB121
424,15,Trey Palmer,TB,WR140
425,15,Mike White,MIA,QB42
426,15,Anders Carlson,GB,K35
427,15,Justin Watson,KC,WR141
428,15,Charlie Jones,CIN,WR142
429,15,Randy Bullock,FA,K36
430,15,Jordan Akins,CLE,TE57
431,15,Chase McLaughlin,TB,K37
432,15,Tre'Quan Smith,NO,WR143
433,15,Elliott Fry,DEN,K38
434,15,O.J. Howard,LV,TE58
435,15,Bailey Zappe,NE,QB43
436,15,Demarcus Robinson,LAR,WR144
437,15,Chad Ryland,NE,K39
438,15,Kenny Golladay,FA,WR145
439,15,Andy Dalton,CAR,QB44
440,15,Brock Wright,DET,TE59
441,15,Zack Kuntz,NYJ,TE60
442,15,Justice Hill,BAL,RB122
443,15,Velus Jones Jr.,CHI,WR146
444,15,Trey Sermon,PHI,RB123
445,15,Tanner Brown,LAR,K40
446,15,Keaton Mitchell,BAL,RB124
447,15,Tyler Davis,FA,K41
448,15,Carson Wentz,FA,QB45
449,15,Clayton Tune,ARI,QB46
450,15,Corey Clement,ARI,RB125
451,15,Jamal Agnew,JAC,WR147
452,15,Zach Pascal,ARI,WR148
453,15,DeAndre Carter,LV,WR149
454,15,Cole Turner,WAS,TE61
455,15,Jeremy Ruckert,NYJ,TE62
456,15,Elijah Higgins,MIA,TE63
457,15,Ashton Dulin,IND,WR150
458,15,Mohamed Ibrahim,DET,RB126
459,15,Kyle Juszczyk,SF,RB127
460,15,Dontayvion Wicks,GB,WR151
461,15,Dyami Brown,WAS,WR152
462,15,Jalen Guyton,LAC,WR153
463,15,Denzel Mims,DET,WR154
464,15,Danny Gray,SF,WR155
465,15,Shi Smith,CAR,WR156
466,15,Josh Oliver,MIN,TE64
467,15,Zane Gonzalez,SF,K42
468,15,Tony Jones Jr.,DEN,RB128
469,15,Tiyon Evans,CAR,RB129
470,15,Jarrett Stidham,DEN,QB47
471,15,Brenton Strange,JAC,TE65
472,15,Caleb Huntley,FA,RB130
473,15,Brandon Bolden,LV,RB131
474,15,Colby Parkinson,SEA,TE66
475,15,Marquise Goodwin,CLE,WR157
476,15,Tommy Tremble,CAR,TE67
477,15,Rico Dowdle,DAL,RB132
478,15,Trestan Ebner,CHI,RB133
479,15,Travis Homer,CHI,RB134
480,15,Hunter Long,LAR,TE68
481,15,Caleb Shudak,TEN,K43
482,15,Samori Toure,GB,WR158
483,15,Sammy Watkins,FA,WR159
484,15,James Mitchell,DET,TE69
485,15,Tyler Huntley,BAL,QB48
486,15,Dan Arnold,PHI,TE70
487,15,Equanimeous St. Brown,CHI,WR160
488,15,Scott Miller,ATL,WR161
489,15,Zach Wilson,NYJ,QB49
490,15,Teagan Quitoriano,HOU,TE71
491,15,Grant Calcaterra,PHI,TE72
492,15,Brian Hoyer,LV,QB50
493,15,Dee Eskridge,SEA,WR162
494,15,Ross Dwelley,SF,TE73
495,15,Mike Boone,HOU,RB135
496,15,KhaDarel Hodge,ATL,WR163
497,15,Jalen Reagor,MIN,WR164
498,15,Josiah Deguara,GB,TE74
499,15,Tyler Badie,DEN,RB136
500,15,Gary Brightwell,NYG,RB137
501,15,John Bates,WAS,TE75
502,15,Andrei Iosivas,CIN,WR165
503,15,Julius Chestnut,TEN,RB138
504,16,Hendon Hooker,DET,QB51
505,16,Malik Willis,TEN,QB52
506,16,Marcus Mariota,PHI,QB53
507,16,Tre' McKitty,LAC,TE76
508,16,Tre Tucker,LV,WR166
509,16,Ian Thomas,CAR,TE77
510,16,T.Y. Hilton,FA,WR167
511,16,Quintin Morris,BUF,TE78
512,16,Patrick Ricard,BAL,RB139
513,16,Giovanni Ricci,CAR,TE79
514,16,Johnny Mundt,MIN,TE80
515,16,Dante Pettis,CHI,WR168
516,16,Charlie Kolar,BAL,TE81
517,16,Cam Sims,LV,WR169
518,16,Jesper Horsted,LV,TE82
519,16,Amari Rodgers,HOU,WR170
520,16,Davis Mills,HOU,QB54
521,16,Will Mallory,IND,TE83
522,16,Drew Sample,CIN,TE84
523,16,David Sills V,NYG,WR171
524,16,Cameron Latu,SF,TE85
525,16,Brycen Hopkins,LAR,TE86
526,16,Demetric Felton Jr.,CLE,RB140
527,16,Jack Stoll,PHI,TE87
528,16,Trenton Irwin,CIN,WR172
529,16,Ray-Ray McCloud III,SF,WR173
530,16,Chris Manhertz,DEN,TE88
531,16,Phillip Dorsett II,LV,WR174
532,16,Shane Zylstra,DET,TE89
533,16,Josh Whyle,TEN,TE90
534,16,Zach Gentry,PIT,TE91
535,16,Juwann Winfree,IND,WR175
536,16,Bryce Ford-Wheaton,NYG,WR176
537,16,Parker Hesse,ATL,TE92
538,16,James Proche II,BAL,WR177
539,16,Matt Ryan,FA,QB55
540,16,Eric Saubert,MIA,TE93
541,16,Jalen Nailor,MIN,WR178
542,16,Connor Heyward,PIT,TE94
543,16,Andrew Beck,HOU,TE95
544,16,Byron Pringle,WAS,WR179
545,16,Jody Fortson,KC,TE96
546,16,Chris Myarick,NYG,TE97
547,16,Tommy Sweeney,NYG,TE98
548,16,Kendall Hinton,DEN,WR180
549,16,Tanner Hudson,CIN,TE99
550,16,Mike Davis,FA,RB141
551,16,Cameron Brate,FA,TE100
552,16,Tom Kennedy,DET,WR181
553,16,River Cracraft,MIA,WR182
554,16,Brandon Powell,MIN,WR183
555,16,Anthony Schwartz,CLE,WR184
556,16,Dax Milne,WAS,WR185
557,16,Blake Proehl,MIN,WR186
558,16,Case Keenum,HOU,QB56
559,16,Pharaoh Brown,IND,TE101
560,16,Mitch Trubisky,PIT,QB57
561,16,Devin Asiasi,CIN,TE102
562,16,Avery Williams,ATL,RB142
563,16,Damiere Byrd,CAR,WR187
564,16,Breshad Perriman,IND,WR188
565,16,Armani Rogers,WAS,TE103
566,16,Damien Williams,FA,RB143
567,16,Kendall Blanton,KC,TE104
568,16,Marcus Johnson,FA,WR189
569,16,Mike Strachan,IND,WR190
570,16,Bryan Edwards,NO,WR191
571,16,Jeff Smith,NYG,WR192
572,16,Tim Jones,JAC,WR193
573,16,Miles Boykin,PIT,WR194
574,16,Montrell Washington,DEN,WR195
575,16,Geoff Swaim,ARI,TE105
576,16,Jason Moore Jr.,FA,WR196
577,16,Malcolm Brown,FA,RB144
578,16,Mitchell Wilcox,CIN,TE106
579,16,Tylan Wallace,BAL,WR197
580,16,MyCole Pruitt,ATL,TE107
581,16,Michael Bandy,FA,WR198
582,16,Cody Hollister,FA,WR199
583,16,Rashard Higgins,FA,WR200
584,16,Nick Boyle,FA,TE108
585,16,Zander Horvath,LAC,RB145
586,16,Tevin Coleman,FA,RB146
