"Rank","Name","Team","POS","G","Snaps","TM Snaps","Snap %","Snaps","TM Snaps","Snap %","Snaps","TM Snaps","Snap %","Snaps","TM Snaps","Snap %","Snaps","TM Snaps","Snap %","Snaps","TM Snaps","Snap %","FP/G","FP"
"1","Michael Pittman","IND","WR","16","1020","1055","96.7%","378","404","93.6%","642","651","98.6%","32","34","94.1%","60","65","92.3%","137","145","94.5%","13.6","217.5"
"2","D.J. Moore","CAR","WR","17","941","976","96.4%","439","464","94.6%","502","512","98.0%","29","31","93.5%","52","54","96.3%","125","129","96.9%","11.7","199.1"
"3","Cooper Kupp","LA","WR","9","517","546","94.7%","176","187","94.1%","341","359","95.0%","22","23","95.7%","43","45","95.6%","75","79","94.9%","22.5","202.4"
"4","Davante Adams","LV","WR","17","990","1049","94.4%","372","403","92.3%","618","646","95.7%","24","33","72.7%","53","64","82.8%","117","133","88.0%","19.7","335.5"
"5","Cole Kmet","CHI","TE","17","936","993","94.3%","458","488","93.9%","478","505","94.7%","31","34","91.2%","57","61","93.4%","132","137","96.4%","8.7","147.3"
"6","Ja'Marr Chase","CIN","WR","12","751","800","93.9%","234","276","84.8%","517","524","98.7%","44","46","95.7%","67","70","95.7%","135","145","93.1%","20.4","244.4"
"7","Mack Hollins","LV","WR","17","978","1049","93.2%","370","403","91.8%","608","646","94.1%","24","33","72.7%","53","64","82.8%","120","133","90.2%","9.1","154.2"
"8","Justin Jefferson","MIN","WR","17","1033","1123","92.0%","340","390","87.2%","693","733","94.5%","46","53","86.8%","92","102","90.2%","176","189","93.1%","21.7","368.7"
"9","DeVonta Smith","PHI","WR","17","1031","1124","91.7%","429","499","86.0%","602","625","96.3%","51","55","92.7%","93","98","94.9%","179","191","93.7%","15.0","255.6"
"10","Dallas Goedert","PHI","TE","12","711","780","91.2%","308","341","90.3%","403","439","91.8%","33","38","86.8%","64","70","91.4%","132","138","95.7%","11.9","142.2"
"11","Gabe Davis","BUF","WR","15","883","972","90.8%","306","356","86.0%","577","616","93.7%","41","43","95.3%","72","75","96.0%","152","166","91.6%","11.5","172.6"
"12","Brandon Aiyuk","SF","WR","17","950","1047","90.7%","421","491","85.7%","529","556","95.1%","45","56","80.4%","82","95","86.3%","158","178","88.8%","13.5","228.8"
"13","Allen Robinson","LA","WR","10","550","608","90.5%","185","213","86.9%","365","395","92.4%","23","23","100.0%","46","46","100.0%","82","83","98.8%","8.5","84.9"
"14","Marquise Brown","ARZ","WR","12","738","817","90.3%","250","284","88.0%","488","533","91.6%","23","25","92.0%","37","42","88.1%","77","88","87.5%","13.0","156.0"
"15","George Kittle","SF","TE","15","822","910","90.3%","352","413","85.2%","470","497","94.6%","38","45","84.4%","69","78","88.5%","128","150","85.3%","13.4","201.5"
"16","Allen Lazard","GB","WR","15","832","927","89.8%","342","395","86.6%","490","532","92.1%","28","36","77.8%","54","63","85.7%","130","143","90.9%","11.7","174.8"
"17","Terry McLaurin","WAS","WR","17","1019","1140","89.4%","434","510","85.1%","585","630","92.9%","39","41","95.1%","78","82","95.1%","138","159","86.8%","13.5","229.0"
"18","Diontae Johnson","PIT","WR","17","989","1109","89.2%","374","468","79.9%","615","641","95.9%","19","38","50.0%","53","73","72.6%","126","153","82.4%","10.6","180.7"
"19","Donovan Peoples-Jones","CLV","WR","17","995","1116","89.2%","425","497","85.5%","570","619","92.1%","25","35","71.4%","60","72","83.3%","146","167","87.4%","9.5","162.1"
"20","Adam Thielen","MIN","WR","17","999","1123","89.0%","322","390","82.6%","677","733","92.4%","37","53","69.8%","83","102","81.4%","160","189","84.7%","10.6","180.0"
"21","Courtland Sutton","DEN","WR","15","835","942","88.6%","299","365","81.9%","536","577","92.9%","27","29","93.1%","47","49","95.9%","77","83","92.8%","10.6","159.4"
"22","DeAndre Hopkins","ARZ","WR","9","522","593","88.0%","162","202","80.2%","360","391","92.1%","10","11","90.9%","24","27","88.9%","69","75","92.0%","17.0","152.7"
"23","Christian Kirk","JAX","WR","17","939","1072","87.6%","321","424","75.7%","618","648","95.4%","42","48","87.5%","74","84","88.1%","155","176","88.1%","14.3","242.9"
"24","Tyler Higbee","LA","TE","17","875","1001","87.4%","347","388","89.4%","528","613","86.1%","25","32","78.1%","58","69","84.1%","111","131","84.7%","8.9","152.0"
"25","CeeDee Lamb","DAL","WR","17","972","1114","87.3%","403","514","78.4%","569","600","94.8%","19","41","46.3%","56","80","70.0%","125","155","80.6%","17.7","301.6"
"26","Zay Jones","JAX","WR","16","876","1026","85.4%","312","405","77.0%","564","621","90.8%","39","46","84.8%","71","81","87.7%","150","170","88.2%","12.4","198.1"
"27","T.J. Hockenson","DET, MIN","TE","17","957","1123","85.2%","315","405","77.8%","642","718","89.4%","49","57","86.0%","80","94","85.1%","147","171","86.0%","12.7","216.4"
"28","A.J. Brown","PHI","WR","17","957","1124","85.1%","379","499","76.0%","578","625","92.5%","43","55","78.2%","83","98","84.7%","163","191","85.3%","17.7","301.6"
"29","Parris Campbell","IND","WR","17","937","1103","85.0%","333","417","79.9%","604","686","88.0%","28","36","77.8%","57","70","81.4%","122","152","80.3%","8.8","149.1"
"30","Mike Evans","TB","WR","15","885","1046","84.6%","258","348","74.1%","627","698","89.8%","34","38","89.5%","70","76","92.1%","134","150","89.3%","15.0","225.4"
"31","Mark Andrews","BLT","TE","15","766","912","84.0%","327","418","78.2%","439","494","88.9%","29","31","93.5%","58","64","90.6%","130","150","86.7%","12.7","190.5"
"32","Amari Cooper","CLV","WR","17","935","1116","83.8%","371","497","74.6%","564","619","91.1%","25","35","71.4%","52","72","72.2%","132","167","79.0%","14.5","247.0"
"33","David Njoku","CLV","TE","14","769","924","83.2%","326","397","82.1%","443","527","84.1%","24","31","77.4%","49","63","77.8%","125","150","83.3%","10.2","143.0"
"34","Darnell Mooney","CHI","WR","12","604","726","83.2%","291","377","77.2%","313","349","89.7%","23","32","71.9%","40","52","76.9%","94","112","83.9%","8.5","101.5"
"35","Brandin Cooks","HST","WR","13","635","775","81.9%","203","266","76.3%","432","509","84.9%","8","15","53.3%","30","38","78.9%","72","96","75.0%","11.2","145.6"
"36","Rondale Moore","ARZ","WR","8","439","537","81.8%","158","194","81.4%","281","343","81.9%","13","18","72.2%","21","32","65.6%","60","77","77.9%","11.0","87.9"
"37","Ben Skowronek","LA","WR","14","678","830","81.7%","252","302","83.4%","426","528","80.7%","26","27","96.3%","50","58","86.2%","88","105","83.8%","6.0","84.3"
"38","DK Metcalf","SEA","WR","17","852","1044","81.6%","275","392","70.2%","577","652","88.5%","15","19","78.9%","44","53","83.0%","129","153","84.3%","13.5","228.8"
"39","Chris Godwin","TB","WR","15","839","1035","81.1%","256","338","75.7%","583","697","83.6%","28","39","71.8%","65","79","82.3%","129","153","84.3%","15.0","224.8"
"40","Saquon Barkley","NYG","RB","16","826","1026","80.5%","370","440","84.1%","456","586","77.8%","33","38","86.8%","55","68","80.9%","94","124","75.8%","17.8","284.0"
"41","Dawson Knox","BUF","TE","15","791","983","80.5%","290","364","79.7%","501","619","80.9%","43","44","97.7%","71","77","92.2%","144","173","83.2%","9.0","135.7"
"42","Dalton Schultz","DAL","TE","15","795","989","80.4%","335","458","73.1%","460","531","86.6%","33","37","89.2%","65","71","91.5%","122","136","89.7%","9.6","143.7"
"43","Josh Palmer","LAC","WR","16","871","1085","80.3%","257","369","69.6%","614","716","85.8%","21","41","51.2%","58","85","68.2%","139","184","75.5%","10.6","169.3"
"44","Sterling Shepard","NYG","WR","3","156","195","80.0%","56","73","76.7%","100","122","82.0%","4","5","80.0%","8","9","88.9%","15","19","78.9%","11.5","34.4"
"45","Garrett Wilson","NYJ","WR","17","859","1074","80.0%","262","386","67.9%","597","688","86.8%","20","32","62.5%","44","62","71.0%","99","139","71.2%","12.7","216.7"
"46","Zach Ertz","ARZ","TE","10","550","688","79.9%","164","236","69.5%","386","452","85.4%","24","29","82.8%","40","50","80.0%","77","102","75.5%","11.6","115.6"
"47","Travis Kelce","KC","TE","17","870","1094","79.5%","243","371","65.5%","627","723","86.7%","56","65","86.2%","98","121","81.0%","174","217","80.2%","18.7","317.3"
"48","Drake London","ATL","WR","17","795","1011","78.6%","376","521","72.2%","419","490","85.5%","30","41","73.2%","63","80","78.8%","137","172","79.7%","10.7","181.6"
"49","Jakobi Meyers","NE","WR","14","651","828","78.6%","234","328","71.3%","417","500","83.4%","22","30","73.3%","39","54","72.2%","80","103","77.7%","13.0","182.3"
"50","Tyler Lockett","SEA","WR","16","763","971","78.6%","229","363","63.1%","534","608","87.8%","13","17","76.5%","37","49","75.5%","110","146","75.3%","15.0","239.3"
"51","Amon-Ra St. Brown","DET","WR","16","806","1026","78.6%","319","441","72.3%","487","585","83.2%","42","58","72.4%","73","95","76.8%","146","182","80.2%","16.7","267.6"
"52","Robert Woods","TEN","WR","17","778","992","78.4%","316","463","68.3%","462","529","87.3%","14","27","51.9%","30","50","60.0%","82","118","69.5%","6.9","116.7"
"53","Van Jefferson","LA","WR","11","488","626","78.0%","189","265","71.3%","299","361","82.8%","10","16","62.5%","27","38","71.1%","56","72","77.8%","7.2","78.9"
"54","Foster Moreau","LV","TE","15","714","919","77.7%","311","345","90.1%","403","574","70.2%","18","28","64.3%","36","54","66.7%","81","116","69.8%","5.7","86.2"
"55","Evan Engram","JAX","TE","17","825","1072","77.0%","277","424","65.3%","548","648","84.6%","38","48","79.2%","67","84","79.8%","134","176","76.1%","10.4","176.9"
"56","Stefon Diggs","BUF","WR","16","798","1037","77.0%","227","379","59.9%","571","658","86.8%","38","45","84.4%","66","78","84.6%","138","180","76.7%","19.8","316.6"
"57","Mike Williams","LAC","WR","13","685","893","76.7%","218","314","69.4%","467","579","80.7%","21","38","55.3%","53","78","67.9%","118","160","73.8%","13.6","176.5"
"58","Michael Gallup","DAL","WR","14","711","930","76.5%","288","440","65.5%","423","490","86.3%","14","36","38.9%","41","70","58.6%","99","139","71.2%","7.5","105.4"
"59","Deebo Samuel","SF","WR","13","627","821","76.4%","251","383","65.5%","376","438","85.8%","32","45","71.1%","60","76","78.9%","106","137","77.4%","13.1","170.4"
"60","Greg Dulcich","DEN","TE","10","482","632","76.3%","149","237","62.9%","333","395","84.3%","9","14","64.3%","22","28","78.6%","32","39","82.1%","8.6","86.1"
"61","George Pickens","PIT","WR","17","844","1109","76.1%","266","468","56.8%","578","641","90.2%","16","38","42.1%","46","73","63.0%","110","153","71.9%","9.8","166.5"
"62","Tyreek Hill","MIA","WR","17","765","1009","75.8%","229","372","61.6%","536","637","84.1%","26","31","83.9%","46","53","86.8%","97","126","77.0%","20.1","341.2"
"63","Tyler Conklin","NYJ","TE","17","814","1074","75.8%","278","386","72.0%","536","688","77.9%","26","32","81.3%","47","62","75.8%","103","139","74.1%","7.7","131.5"
"64","Terrace Marshall","CAR","WR","14","618","816","75.7%","298","402","74.1%","320","414","77.3%","23","29","79.3%","44","50","88.0%","95","116","81.9%","5.9","83.0"
"65","Hunter Henry","NE","TE","17","761","1006","75.6%","304","404","75.2%","457","602","75.9%","29","37","78.4%","51","65","78.5%","102","127","80.3%","6.1","103.9"
"66","Jahan Dotson","WAS","WR","12","630","835","75.4%","253","380","66.6%","377","455","82.9%","24","33","72.7%","49","62","79.0%","93","121","76.9%","10.9","130.6"
"67","Nick Westbrook-Ikhine","TEN","WR","17","747","992","75.3%","329","463","71.1%","418","529","79.0%","16","27","59.3%","30","50","60.0%","88","118","74.6%","4.9","82.7"
"68","Josh Jacobs","LV","RB","17","789","1049","75.2%","362","403","89.8%","427","646","66.1%","27","33","81.8%","47","64","73.4%","95","133","71.4%","19.4","329.3"
"69","Noah Brown","DAL","WR","16","789","1057","74.6%","327","485","67.4%","462","572","80.8%","19","40","47.5%","44","76","57.9%","100","146","68.5%","7.2","115.5"
"70","K.J. Osborn","MIN","WR","17","831","1123","74.0%","236","390","60.5%","595","733","81.2%","29","53","54.7%","69","102","67.6%","138","189","73.0%","9.2","155.6"
"71","Keenan Allen","LAC","WR","10","503","680","74.0%","148","230","64.3%","355","450","78.9%","20","34","58.8%","40","58","69.0%","89","120","74.2%","16.5","165.0"
"72","Jaylen Waddle","MIA","WR","17","745","1009","73.8%","224","372","60.2%","521","637","81.8%","25","31","80.6%","44","53","83.0%","95","126","75.4%","15.3","260.2"
"73","Christian McCaffrey","SF, CAR","RB","17","738","1014","72.8%","292","447","65.3%","446","567","78.7%","26","38","68.4%","46","69","66.7%","107","157","68.2%","21.0","356.4"
"74","Dalvin Cook","MIN","RB","17","817","1123","72.8%","290","390","74.4%","527","733","71.9%","44","53","83.0%","77","102","75.5%","147","189","77.8%","14.2","241.8"
"75","Daniel Bellinger","NYG","TE","12","553","764","72.4%","247","327","75.5%","306","437","70.0%","19","29","65.5%","39","54","72.2%","73","102","71.6%","6.3","76.0"
"76","Kyle Pitts","ATL","TE","10","417","577","72.3%","190","307","61.9%","227","270","84.1%","17","22","77.3%","28","42","66.7%","67","99","67.7%","7.6","75.6"
"77","Tyler Boyd","CIN","WR","16","759","1053","72.1%","194","372","52.2%","565","681","83.0%","41","54","75.9%","61","89","68.5%","123","180","68.3%","10.4","167.1"
"78","James Conner","ARZ","RB","13","637","893","71.3%","228","305","74.8%","409","588","69.6%","15","24","62.5%","33","45","73.3%","74","104","71.2%","15.5","201.2"
"79","Nico Collins","HST","WR","10","421","591","71.2%","133","204","65.2%","288","387","74.4%","9","18","50.0%","21","30","70.0%","50","75","66.7%","9.7","97.1"
"80","Jerry Jeudy","DEN","WR","15","683","959","71.2%","234","371","63.1%","449","588","76.4%","15","29","51.7%","33","49","67.3%","61","83","73.5%","13.6","204.2"
"81","Curtis Samuel","WAS","WR","17","808","1140","70.9%","296","510","58.0%","512","630","81.3%","28","41","68.3%","61","82","74.4%","114","159","71.7%","10.4","177.3"
"82","JuJu Smith-Schuster","KC","WR","16","730","1032","70.7%","203","347","58.5%","527","685","76.9%","32","64","50.0%","69","119","58.0%","140","210","66.7%","11.7","187.3"
"83","Corey Davis","NYJ","WR","13","597","845","70.7%","194","298","65.1%","403","547","73.7%","22","28","78.6%","38","47","80.9%","84","110","76.4%","7.5","97.6"
"84","D.J. Chark","DET","WR","11","517","733","70.5%","177","314","56.4%","340","419","81.1%","22","43","51.2%","40","69","58.0%","95","137","69.3%","8.9","98.2"
"85","Olamide Zaccheaus","ATL","WR","17","711","1011","70.3%","346","521","66.4%","365","490","74.5%","26","41","63.4%","56","80","70.0%","109","172","63.4%","6.5","111.0"
"86","Chase Claypool","CHI, PIT","WR","15","633","906","69.9%","208","360","57.8%","425","546","77.8%","14","24","58.3%","27","48","56.3%","63","103","61.2%","7.1","106.0"
"87","Alvin Kamara","NO","RB","15","622","892","69.7%","281","405","69.4%","341","487","70.0%","14","18","77.8%","29","41","70.7%","88","117","75.2%","14.4","215.7"
"88","Jonathan Taylor","IND","RB","11","502","720","69.7%","211","289","73.0%","291","431","67.5%","23","30","76.7%","40","49","81.6%","72","101","71.3%","13.6","149.4"
"89","Cade Otton","TB","TE","16","766","1100","69.6%","276","368","75.0%","490","732","66.9%","33","39","84.6%","66","80","82.5%","122","157","77.7%","5.8","93.1"
"90","Michael Thomas","NO","WR","3","130","187","69.5%","27","58","46.6%","103","129","79.8%","1","3","33.3%","4","6","66.7%","15","19","78.9%","17.0","51.1"
"91","Elijah Moore","NYJ","WR","16","709","1021","69.4%","215","365","58.9%","494","656","75.3%","21","32","65.6%","39","62","62.9%","88","137","64.2%","5.5","88.1"
"92","Logan Thomas","WAS","TE","14","664","957","69.4%","265","430","61.6%","399","527","75.7%","24","34","70.6%","47","66","71.2%","100","130","76.9%","5.5","77.3"
"93","Tee Higgins","CIN","WR","16","730","1053","69.3%","192","372","51.6%","538","681","79.0%","26","54","48.1%","46","89","51.7%","103","180","57.2%","13.8","220.9"
"94","Devin Duvernay","BLT","WR","14","603","876","68.8%","255","400","63.8%","348","476","73.1%","17","31","54.8%","37","57","64.9%","92","141","65.2%","7.9","110.1"
"95","Marvin Jones","JAX","WR","16","688","1013","67.9%","207","392","52.8%","481","621","77.5%","27","43","62.8%","50","78","64.1%","109","168","64.9%","7.3","116.9"
"96","Chris Moore","HST","WR","16","651","959","67.9%","209","346","60.4%","442","613","72.1%","10","25","40.0%","37","58","63.8%","85","135","63.0%","7.2","115.1"
"97","Pat Freiermuth","PIT","TE","16","706","1048","67.4%","244","441","55.3%","462","607","76.1%","25","38","65.8%","47","68","69.1%","100","143","69.9%","9.3","148.2"
"98","DeVante Parker","NE","WR","13","518","771","67.2%","200","309","64.7%","318","462","68.8%","12","23","52.2%","30","45","66.7%","63","101","62.4%","7.9","102.9"
"99","Marquez Valdes-Scantling","KC","WR","17","734","1094","67.1%","181","371","48.8%","553","723","76.5%","37","65","56.9%","70","121","57.9%","143","217","65.9%","7.2","122.4"
"100","Chris Olave","NO","WR","15","595","890","66.9%","162","378","42.9%","433","512","84.6%","13","21","61.9%","30","46","65.2%","75","110","68.2%","13.3","200.2"
"101","Derrick Henry","TEN","RB","16","619","927","66.8%","375","440","85.2%","244","487","50.1%","25","27","92.6%","31","48","64.6%","74","111","66.7%","19.1","305.8"
"102","Alec Pierce","IND","WR","16","698","1055","66.2%","219","404","54.2%","479","651","73.6%","15","34","44.1%","31","65","47.7%","84","145","57.9%","7.0","112.3"
"103","Juwan Johnson","NO","TE","16","634","959","66.1%","247","427","57.8%","387","532","72.7%","13","21","61.9%","31","48","64.6%","86","125","68.8%","8.4","134.8"
"104","Rhamondre Stevenson","NE","RB","17","662","1006","65.8%","244","404","60.4%","418","602","69.4%","27","37","73.0%","44","65","67.7%","84","127","66.1%","14.7","250.1"
"105","Josh Reynolds","DET","WR","14","599","913","65.6%","210","368","57.1%","389","545","71.4%","24","49","49.0%","47","82","57.3%","91","153","59.5%","7.4","103.9"
"106","Tyquan Thornton","NE","WR","13","501","765","65.5%","177","299","59.2%","324","466","69.5%","19","30","63.3%","32","49","65.3%","58","99","58.6%","5.1","66.3"
"107","Devin Singletary","BUF","RB","16","679","1037","65.5%","237","379","62.5%","442","658","67.2%","39","45","86.7%","58","78","74.4%","120","180","66.7%","11.3","180.9"
"108","Najee Harris","PIT","RB","17","726","1109","65.5%","336","468","71.8%","390","641","60.8%","32","38","84.2%","57","73","78.1%","103","153","67.3%","13.3","225.5"
"109","Joe Mixon","CIN","RB","14","602","921","65.4%","249","318","78.3%","353","603","58.5%","44","50","88.0%","68","78","87.2%","120","156","76.9%","17.1","239.5"
"110","Darius Slayton","NYG","WR","16","669","1031","64.9%","265","431","61.5%","404","600","67.3%","19","35","54.3%","39","64","60.9%","72","119","60.5%","8.1","129.4"
"111","Patrick Ricard","BLT","FB","17","679","1052","64.5%","420","485","86.6%","259","567","45.7%","26","34","76.5%","53","74","71.6%","113","173","65.3%","1.2","20.0"
"112","David Montgomery","CHI","RB","16","596","933","63.9%","286","463","61.8%","310","470","66.0%","18","33","54.5%","42","60","70.0%","87","128","68.0%","11.2","179.7"
"113","Dameon Pierce","HST","RB","13","486","763","63.7%","242","284","85.2%","244","479","50.9%","18","26","69.2%","27","40","67.5%","60","97","61.9%","13.0","168.4"
"114","Hayden Hurst","CIN","TE","13","534","852","62.7%","131","305","43.0%","403","547","73.7%","23","43","53.5%","38","72","52.8%","77","139","55.4%","8.1","105.4"
"115","Romeo Doubs","GB","WR","13","507","819","61.9%","196","334","58.7%","311","485","64.1%","16","38","42.1%","31","61","50.8%","73","124","58.9%","7.9","102.6"
"116","Kendall Hinton","DEN","WR","11","428","692","61.8%","145","258","56.2%","283","434","65.2%","11","19","57.9%","17","32","53.1%","30","47","63.8%","5.1","56.4"
"117","Austin Ekeler","LAC","RB","17","713","1154","61.8%","232","381","60.9%","481","773","62.2%","34","44","77.3%","72","90","80.0%","145","194","74.7%","22.1","375.7"
"118","Isaiah Hodgins","BUF, NYG","WR","11","422","695","60.7%","158","278","56.8%","264","417","63.3%","11","22","50.0%","27","43","62.8%","47","79","59.5%","9.2","101.2"
"119","Will Dissly","SEA","TE","15","544","903","60.2%","253","324","78.1%","291","579","50.3%","8","14","57.1%","19","43","44.2%","62","127","48.8%","5.8","86.9"
"120","Parker Hesse","ATL","TE","17","607","1011","60.0%","372","521","71.4%","235","490","48.0%","31","41","75.6%","51","80","63.8%","111","172","64.5%","1.1","17.9"
"121","Hunter Renfrow","LV","WR","10","354","590","60.0%","63","201","31.3%","291","389","74.8%","11","22","50.0%","17","32","53.1%","34","60","56.7%","8.0","80.0"
"122","Gerald Everett","LAC","TE","16","653","1089","60.0%","177","353","50.1%","476","736","64.7%","23","39","59.0%","51","83","61.4%","121","183","66.1%","8.7","139.5"
"123","Noah Fant","SEA","TE","17","624","1044","59.8%","240","392","61.2%","384","652","58.9%","12","19","63.2%","38","53","71.7%","94","153","61.4%","7.2","122.6"
"124","Leonard Fournette","TB","RB","16","651","1093","59.6%","207","362","57.2%","444","731","60.7%","31","41","75.6%","56","82","68.3%","104","157","66.2%","14.2","227.1"
"125","Travis Etienne","JAX","RB","17","637","1072","59.4%","254","424","59.9%","383","648","59.1%","26","48","54.2%","48","84","57.1%","100","176","56.8%","12.2","208.1"
"126","Demarcus Robinson","BLT","WR","17","618","1052","58.7%","253","485","52.2%","365","567","64.4%","13","34","38.2%","35","74","47.3%","99","173","57.2%","6.2","104.8"
"127","Quez Watkins","PHI","WR","17","657","1124","58.5%","252","499","50.5%","405","625","64.8%","25","55","45.5%","50","98","51.0%","99","191","51.8%","5.0","85.5"
"128","Kenneth Walker","SEA","RB","15","549","942","58.3%","255","363","70.2%","294","579","50.8%","15","18","83.3%","36","48","75.0%","100","140","71.4%","13.5","202.5"
"129","Trent Sherfield","MIA","WR","17","588","1009","58.3%","183","372","49.2%","405","637","63.6%","23","31","74.2%","38","53","71.7%","83","126","65.9%","4.9","83.7"
"130","DeAndre Carter","LAC","WR","17","672","1154","58.2%","175","381","45.9%","497","773","64.3%","19","44","43.2%","42","90","46.7%","105","194","54.1%","6.7","114.3"
"131","Treylon Burks","TEN","WR","11","377","648","58.2%","124","284","43.7%","253","364","69.5%","3","10","30.0%","12","26","46.2%","33","69","47.8%","8.0","88.1"
"132","Aaron Jones","GB","RB","17","610","1051","58.0%","255","443","57.6%","355","608","58.4%","11","38","28.9%","24","68","35.3%","74","157","47.1%","14.8","251.6"
"133","Darren Waller","LV","TE","9","325","561","57.9%","76","194","39.2%","249","367","67.8%","18","26","69.2%","34","45","75.6%","61","87","70.1%","9.4","84.8"
"134","Rashaad Penny","SEA","RB","5","160","277","57.8%","69","105","65.7%","91","172","52.9%","1","1","100.0%","6","9","66.7%","18","28","64.3%","10.4","52.2"
"135","Miles Sanders","PHI","RB","17","647","1124","57.6%","340","499","68.1%","307","625","49.1%","28","55","50.9%","49","98","50.0%","95","191","49.7%","12.9","218.7"
"136","Nick Chubb","CLV","RB","17","636","1116","57.0%","332","497","66.8%","304","619","49.1%","25","35","71.4%","39","72","54.2%","82","167","49.1%","16.6","282.4"
"137","Equanimeous St. Brown","CHI","WR","16","532","934","57.0%","248","462","53.7%","284","472","60.2%","20","34","58.8%","32","59","54.2%","69","127","54.3%","4.0","64.7"
"138","Russell Gage","TB","WR","13","500","878","56.9%","134","284","47.2%","366","594","61.6%","16","33","48.5%","29","61","47.5%","59","118","50.0%","9.6","124.6"
"139","Adam Trautman","NO","TE","15","500","881","56.8%","308","400","77.0%","192","481","39.9%","13","17","76.5%","25","39","64.1%","68","114","59.6%","3.0","44.7"
"140","Trey McBride","ARZ","TE","15","569","1003","56.7%","234","349","67.0%","335","654","51.2%","17","26","65.4%","30","47","63.8%","74","119","62.2%","4.1","61.5"
"141","Durham Smythe","MIA","TE","16","530","936","56.6%","293","354","82.8%","237","582","40.7%","16","29","55.2%","26","51","51.0%","58","119","48.7%","2.5","40.0"
"142","Teagan Quitoriano","HST","TE","9","305","539","56.6%","152","206","73.8%","153","333","45.9%","15","18","83.3%","29","42","69.0%","57","93","61.3%","3.4","30.3"
"143","Raheem Mostert","MIA","RB","16","527","937","56.2%","205","348","58.9%","322","589","54.7%","15","26","57.7%","25","46","54.3%","59","113","52.2%","10.6","169.3"
"144","Geoff Swaim","TEN","TE","17","557","992","56.1%","373","463","80.6%","184","529","34.8%","21","27","77.8%","31","50","62.0%","64","118","54.2%","1.4","23.8"
"145","Christian Watson","GB","WR","14","489","874","55.9%","219","386","56.7%","270","488","55.3%","17","34","50.0%","33","61","54.1%","76","145","52.4%","11.7","164.1"
"146","Jarvis Landry","NO","WR","9","284","509","55.8%","79","199","39.7%","205","310","66.1%","7","13","53.8%","17","26","65.4%","41","63","65.1%","6.7","60.2"
"147","Wan'Dale Robinson","NYG","WR","6","219","393","55.7%","88","185","47.6%","131","208","63.0%","8","21","38.1%","10","33","30.3%","14","56","25.0%","8.6","51.6"
"148","Ian Thomas","CAR","TE","17","536","976","54.9%","312","464","67.2%","224","512","43.8%","18","31","58.1%","32","54","59.3%","75","129","58.1%","2.4","40.7"
"149","Ezekiel Elliott","DAL","RB","15","537","978","54.9%","259","454","57.0%","278","524","53.1%","28","37","75.7%","44","70","62.9%","78","135","57.8%","12.4","185.8"
"150","Robert Tonyan","GB","TE","17","569","1051","54.1%","192","443","43.3%","377","608","62.0%","16","38","42.1%","32","68","47.1%","84","157","53.5%","6.6","112.0"
"151","Javonte Williams","DEN","RB","4","133","247","53.8%","53","96","55.2%","80","151","53.0%","10","15","66.7%","15","22","68.2%","22","32","68.8%","10.8","43.0"
"152","C.J. Uzomah","NYJ","TE","15","513","954","53.8%","249","347","71.8%","264","607","43.5%","18","31","58.1%","32","56","57.1%","64","125","51.2%","3.7","56.2"
"153","Isaiah McKenzie","BUF","WR","15","528","983","53.7%","150","364","41.2%","378","619","61.1%","20","44","45.5%","41","77","53.2%","86","173","49.7%","8.0","119.8"
"154","Mecole Hardman","KC","WR","8","287","536","53.5%","83","165","50.3%","204","371","55.0%","20","33","60.6%","29","53","54.7%","59","111","53.2%","11.7","93.8"
"155","Darrell Henderson","LA","RB","10","324","608","53.3%","85","213","39.9%","239","395","60.5%","13","23","56.5%","22","46","47.8%","38","83","45.8%","7.4","73.5"
"156","Brock Wright","DET","TE","17","577","1092","52.8%","328","465","70.5%","249","627","39.7%","51","67","76.1%","78","106","73.6%","115","193","59.6%","3.7","63.6"
"157","Latavius Murray","NO, DEN","RB","13","430","817","52.6%","196","320","61.3%","234","497","47.1%","12","22","54.5%","23","39","59.0%","30","59","50.8%","11.9","154.2"
"158","Irv Smith","MIN","TE","8","272","517","52.6%","77","197","39.1%","195","320","60.9%","19","26","73.1%","44","59","74.6%","71","95","74.7%","6.9","55.2"
"159","Jeffery Wilson","SF, MIA","RB","16","495","944","52.4%","217","382","56.8%","278","562","49.5%","24","36","66.7%","38","62","61.3%","82","130","63.1%","10.0","160.5"
"160","Noah Gray","KC","TE","17","573","1094","52.4%","261","371","70.4%","312","723","43.2%","42","65","64.6%","71","121","58.7%","118","217","54.4%","4.1","70.0"
"161","Mo Alie-Cox","IND","TE","17","576","1103","52.2%","259","417","62.1%","317","686","46.2%","24","36","66.7%","41","70","58.6%","100","152","65.8%","3.2","54.9"
"162","Tony Pollard","DAL","RB","16","541","1040","52.0%","247","484","51.0%","294","556","52.9%","19","39","48.7%","41","75","54.7%","77","145","53.1%","15.6","248.8"
"163","A.J. Green","ARZ","WR","15","527","1014","52.0%","167","331","50.5%","360","683","52.7%","17","24","70.8%","32","47","68.1%","73","109","67.0%","4.1","61.6"
"164","Tyler Allgeier","ATL","RB","16","483","940","51.4%","245","488","50.2%","238","452","52.7%","16","39","41.0%","28","75","37.3%","61","163","37.4%","10.0","159.4"
"165","Dante Pettis","CHI","WR","17","505","993","50.9%","198","488","40.6%","307","505","60.8%","11","34","32.4%","24","61","39.3%","65","137","47.4%","3.8","65.2"
"166","Marquise Goodwin","SEA","WR","13","398","784","50.8%","98","273","35.9%","300","511","58.7%","4","9","44.4%","21","36","58.3%","61","110","55.5%","6.9","90.2"
"167","Tommy Tremble","CAR","TE","17","492","976","50.4%","239","464","51.5%","253","512","49.4%","20","31","64.5%","31","54","57.4%","67","129","51.9%","3.1","53.4"
"168","Rashod Bateman","BLT","WR","6","185","367","50.4%","63","166","38.0%","122","201","60.7%","9","20","45.0%","15","34","44.1%","33","69","47.8%","9.1","54.5"
"169","Kyle Juszczyk","SF","FB","16","501","995","50.4%","273","468","58.3%","228","527","43.3%","26","55","47.3%","40","90","44.4%","74","168","44.0%","3.4","53.6"
"170","Austin Hooper","TEN","TE","17","499","992","50.3%","170","463","36.7%","329","529","62.2%","18","27","66.7%","38","50","76.0%","77","118","65.3%","5.7","97.4"
"171","Jonnu Smith","NE","TE","14","414","829","49.9%","215","327","65.7%","199","502","39.6%","14","32","43.8%","22","54","40.7%","45","100","45.0%","3.7","52.0"
"172","Phillip Dorsett","HST","WR","15","442","892","49.6%","156","337","46.3%","286","555","51.5%","11","26","42.3%","26","57","45.6%","65","122","53.3%","3.4","51.7"
"173","Richie James","NYG","WR","16","505","1022","49.4%","157","415","37.8%","348","607","57.3%","17","36","47.2%","32","66","48.5%","62","124","50.0%","8.5","135.5"
"174","Zach Gentry","PIT","TE","17","547","1109","49.3%","311","468","66.5%","236","641","36.8%","29","38","76.3%","43","73","58.9%","73","153","47.7%","1.9","32.2"
"175","Nelson Agholor","NE","WR","16","462","941","49.1%","159","375","42.4%","303","566","53.5%","12","30","40.0%","23","56","41.1%","46","110","41.8%","4.8","77.2"
"176","Breece Hall","NYJ","RB","7","221","451","49.0%","92","168","54.8%","129","283","45.6%","13","20","65.0%","21","31","67.7%","35","65","53.8%","16.6","116.1"
"177","Harrison Bryant","CLV","TE","17","545","1116","48.8%","269","497","54.1%","276","619","44.6%","25","35","71.4%","49","72","68.1%","96","167","57.5%","3.6","61.7"
"178","K.J. Hamler","DEN","WR","7","216","444","48.6%","59","166","35.5%","157","278","56.5%","7","14","50.0%","18","30","60.0%","25","50","50.0%","3.7","25.8"
"179","A.J. Dillon","GB","RB","17","509","1051","48.4%","220","443","49.7%","289","608","47.5%","22","38","57.9%","41","68","60.3%","83","157","52.9%","9.9","167.6"
"180","Michael Carter","NYJ","RB","16","478","991","48.2%","156","363","43.0%","322","628","51.3%","14","24","58.3%","24","50","48.0%","69","115","60.0%","7.9","127.0"
"181","Jack Stoll","PHI","TE","17","541","1124","48.1%","300","499","60.1%","241","625","38.6%","32","55","58.2%","49","98","50.0%","89","191","46.6%","1.4","23.3"
"182","Dezmon Patmon","IND","WR","1","23","48","47.9%","7","13","53.8%","16","35","45.7%","0","2","0.0%","2","5","40.0%","2","7","28.6%","4.4","4.4"
"183","Sammy Watkins","BLT, GB","WR","12","342","714","47.9%","140","313","44.7%","202","401","50.4%","7","13","53.8%","18","39","46.2%","41","107","38.3%","4.0","47.5"
"184","Robby Anderson","CAR, ARZ","WR","16","468","985","47.5%","151","345","43.8%","317","640","49.5%","4","14","28.6%","11","34","32.4%","43","114","37.7%","3.3","53.2"
"185","Tom Kennedy","DET","WR","7","205","432","47.5%","83","198","41.9%","122","234","52.1%","12","36","33.3%","20","52","38.5%","31","78","39.7%","3.2","22.1"
"186","Shi Smith","CAR","WR","17","463","976","47.4%","142","464","30.6%","321","512","62.7%","12","31","38.7%","22","54","40.7%","59","129","45.7%","3.7","62.6"
"187","Josh Oliver","BLT","TE","17","499","1052","47.4%","317","485","65.4%","182","567","32.1%","15","34","44.1%","33","74","44.6%","88","173","50.9%","2.4","40.9"
"188","Cam Akers","LA","RB","15","417","882","47.3%","218","339","64.3%","199","543","36.6%","10","22","45.5%","25","57","43.9%","58","110","52.7%","9.6","143.3"
"189","Jauan Jennings","SF","WR","16","469","995","47.1%","162","468","34.6%","307","527","58.3%","25","55","45.5%","40","90","44.4%","82","168","48.8%","5.2","82.6"
"190","Cameron Brate","TB","TE","11","342","729","46.9%","99","265","37.4%","243","464","52.4%","13","31","41.9%","18","47","38.3%","43","94","45.7%","3.4","37.4"
"191","Julio Jones","TB","WR","10","329","702","46.9%","84","230","36.5%","245","472","51.9%","6","25","24.0%","20","53","37.7%","43","98","43.9%","7.0","70.4"
"192","David Bell","CLV","WR","16","492","1052","46.8%","187","465","40.2%","305","587","52.0%","11","30","36.7%","22","64","34.4%","61","151","40.4%","2.8","45.4"
"193","Cordarrelle Patterson","ATL","RB","13","365","782","46.7%","173","393","44.0%","192","389","49.4%","17","33","51.5%","40","65","61.5%","78","138","56.5%","11.5","149.7"
"194","Antonio Gibson","WAS","RB","15","470","1009","46.6%","191","436","43.8%","279","573","48.7%","20","35","57.1%","44","70","62.9%","76","134","56.7%","11.1","165.9"
"195","Trenton Irwin","CIN","WR","9","272","584","46.6%","84","212","39.6%","188","372","50.5%","5","24","20.8%","10","43","23.3%","28","103","27.2%","7.0","63.2"
"196","Kalif Raymond","DET","WR","17","508","1092","46.5%","195","465","41.9%","313","627","49.9%","24","67","35.8%","42","106","39.6%","87","193","45.1%","6.5","111.2"
"197","Tre' McKitty","LAC","TE","17","527","1154","45.7%","250","381","65.6%","277","773","35.8%","29","44","65.9%","45","90","50.0%","84","194","43.3%","1.0","17.2"
"198","Byron Pringle","CHI","WR","11","276","606","45.5%","124","301","41.2%","152","305","49.8%","4","16","25.0%","12","35","34.3%","26","76","34.2%","3.2","35.5"
"199","Mike Gesicki","MIA","TE","17","459","1009","45.5%","84","372","22.6%","375","637","58.9%","19","31","61.3%","34","53","64.2%","73","126","57.9%","5.8","98.2"
"200","Kylen Granson","IND","TE","13","392","865","45.3%","151","325","46.5%","241","540","44.6%","14","30","46.7%","23","50","46.0%","47","111","42.3%","4.7","61.2"
"201","Marquez Callaway","NO","WR","14","385","851","45.2%","195","384","50.8%","190","467","40.7%","12","15","80.0%","25","38","65.8%","59","109","54.1%","2.7","37.8"
"202","Jerick McKinnon","KC","RB","17","494","1094","45.2%","98","371","26.4%","396","723","54.8%","38","65","58.5%","68","121","56.2%","122","217","56.2%","11.6","197.3"
"203","Kenyan Drake","BLT","RB","12","345","767","45.0%","149","350","42.6%","196","417","47.0%","8","23","34.8%","20","46","43.5%","67","118","56.8%","8.7","104.1"
"204","Greg Dortch","ARZ","WR","16","485","1080","44.9%","141","363","38.8%","344","717","48.0%","11","33","33.3%","25","60","41.7%","55","136","40.4%","7.1","114.1"
"205","Keith Kirkwood","NO","WR","5","145","323","44.9%","74","187","39.6%","71","136","52.2%","1","4","25.0%","4","12","33.3%","17","45","37.8%","0.8","3.8"
"206","Dennis Houston","DAL","WR","2","55","123","44.7%","7","44","15.9%","48","79","60.8%","0","1","0.0%","0","2","0.0%","0","4","0.0%","1.8","3.6"
"207","Randall Cobb","GB","WR","13","361","811","44.5%","108","341","31.7%","253","470","53.8%","17","31","54.8%","32","57","56.1%","67","130","51.5%","6.3","81.7"
"208","David Sills","NYG","WR","9","256","576","44.4%","129","254","50.8%","127","322","39.4%","11","24","45.8%","17","39","43.6%","33","80","41.3%","2.4","21.6"
"209","Brandon Johnson","DEN","WR","7","193","435","44.4%","67","176","38.1%","126","259","48.6%","5","14","35.7%","11","22","50.0%","15","37","40.5%","2.2","15.2"
"210","Freddie Swain","MIA, DEN","WR","4","106","239","44.4%","41","102","40.2%","65","137","47.4%","3","6","50.0%","4","7","57.1%","9","14","64.3%","2.9","11.4"
"211","John Bates","WAS","TE","16","479","1087","44.1%","284","482","58.9%","195","605","32.2%","18","40","45.0%","31","77","40.3%","65","150","43.3%","1.9","30.8"
"212","Jordan Akins","HST","TE","15","389","888","43.8%","77","332","23.2%","312","556","56.1%","6","26","23.1%","25","57","43.9%","62","130","47.7%","7.8","117.5"
"213","Kendrick Bourne","NE","WR","16","418","958","43.6%","126","388","32.5%","292","570","51.2%","13","36","36.1%","25","63","39.7%","54","125","43.2%","5.5","88.3"
"214","Mitchell Wilcox","CIN","TE","16","457","1053","43.4%","234","372","62.9%","223","681","32.7%","30","54","55.6%","51","89","57.3%","95","180","52.8%","2.3","36.9"
"215","Lawrence Cager","NYG, NYJ","WR","7","202","466","43.3%","88","177","49.7%","114","289","39.4%","5","14","35.7%","10","25","40.0%","21","42","50.0%","4.4","30.8"
"216","Tre'Quan Smith","NO","WR","15","385","892","43.2%","202","415","48.7%","183","477","38.4%","7","21","33.3%","16","46","34.8%","51","122","41.8%","3.5","52.8"
"217","Justin Watson","KC","WR","17","472","1094","43.1%","177","371","47.7%","295","723","40.8%","24","65","36.9%","55","121","45.5%","92","217","42.4%","3.4","58.5"
"218","Lil'Jordan Humphrey","NE","WR","5","128","297","43.1%","80","139","57.6%","48","158","30.4%","6","7","85.7%","10","16","62.5%","19","38","50.0%","0.8","4.0"
"219","Brian Robinson","WAS","RB","12","340","790","43.0%","233","383","60.8%","107","407","26.3%","14","28","50.0%","22","58","37.9%","39","103","37.9%","9.4","112.7"
"220","Zonovan Knight","NYJ","RB","7","192","455","42.2%","101","151","66.9%","91","304","29.9%","8","10","80.0%","13","19","68.4%","25","50","50.0%","8.4","59.0"
"221","J.K. Dobbins","BLT","RB","8","196","465","42.2%","104","221","47.1%","92","244","37.7%","6","15","40.0%","15","33","45.5%","31","77","40.3%","10.2","81.2"
"222","Denzel Mims","NYJ","WR","10","261","620","42.1%","97","223","43.5%","164","397","41.3%","1","12","8.3%","7","31","22.6%","23","70","32.9%","3.0","29.6"
"223","Marcedes Lewis","GB","TE","17","438","1051","41.7%","252","443","56.9%","186","608","30.6%","27","38","71.1%","44","68","64.7%","76","157","48.4%","1.6","26.6"
"224","D'Andre Swift","DET","RB","14","376","906","41.5%","113","392","28.8%","263","514","51.2%","11","55","20.0%","26","90","28.9%","72","172","41.9%","13.7","191.1"
"225","Melvin Gordon","DEN","RB","10","267","644","41.5%","97","247","39.3%","170","397","42.8%","10","23","43.5%","16","39","41.0%","28","61","45.9%","8.9","89.1"
"226","Colby Parkinson","SEA","TE","17","430","1044","41.2%","196","392","50.0%","234","652","35.9%","11","19","57.9%","22","53","41.5%","79","153","51.6%","4.1","69.2"
"227","Kareem Hunt","CLV","RB","17","459","1116","41.1%","153","497","30.8%","306","619","49.4%","11","35","31.4%","32","72","44.4%","76","167","45.5%","7.5","126.8"
"228","Jamaal Williams","DET","RB","17","449","1092","41.1%","273","465","58.7%","176","627","28.1%","47","67","70.1%","64","106","60.4%","86","193","44.6%","13.4","227.9"
"229","Rashid Shaheed","NO","WR","12","286","697","41.0%","106","319","33.2%","180","378","47.6%","5","15","33.3%","11","35","31.4%","30","97","30.9%","8.3","99.4"
"230","Keelan Cole","LV","WR","14","352","877","40.1%","107","343","31.2%","245","534","45.9%","4","23","17.4%","21","49","42.9%","46","112","41.1%","2.2","30.1"
"231","Samaje Perine","CIN","RB","16","418","1053","39.7%","133","372","35.8%","285","681","41.9%","11","54","20.4%","21","89","23.6%","59","180","32.8%","8.9","142.1"
"232","Royce Freeman","HST","RB","4","100","252","39.7%","51","93","54.8%","49","159","30.8%","0","1","0.0%","5","20","25.0%","14","40","35.0%","5.0","20.0"
"233","Tutu Atwell","LA","WR","13","300","757","39.6%","123","307","40.1%","177","450","39.3%","4","25","16.0%","15","51","29.4%","33","102","32.4%","4.9","63.2"
"234","Alec Ingold","MIA","FB","17","398","1009","39.4%","215","372","57.8%","183","637","28.7%","5","31","16.1%","10","53","18.9%","37","126","29.4%","2.3","38.3"
"235","Rachaad White","TB","RB","17","456","1159","39.3%","155","382","40.6%","301","777","38.7%","10","42","23.8%","25","84","29.8%","54","163","33.1%","8.4","142.1"
"236","MyCole Pruitt","ATL","TE","13","304","775","39.2%","178","400","44.5%","126","375","33.6%","15","33","45.5%","28","64","43.8%","62","130","47.7%","4.2","55.0"
"237","N'Keal Harry","CHI","WR","7","163","420","38.8%","88","203","43.3%","75","217","34.6%","1","10","10.0%","4","18","22.2%","23","53","43.4%","3.5","24.6"
"238","J.D. McKissic","WAS","RB","8","206","531","38.8%","34","192","17.7%","172","339","50.7%","3","19","15.8%","7","35","20.0%","16","74","21.6%","7.0","55.8"
"239","Jake Ferguson","DAL","TE","16","403","1040","38.8%","261","474","55.1%","142","566","25.1%","20","38","52.6%","34","75","45.3%","56","143","39.2%","3.0","48.4"
"240","Isaiah Likely","BLT","TE","16","378","984","38.4%","112","454","24.7%","266","530","50.2%","12","31","38.7%","29","64","45.3%","66","153","43.1%","5.7","91.3"
"241","Johnny Mundt","MIN","TE","17","431","1123","38.4%","235","390","60.3%","196","733","26.7%","26","53","49.1%","35","102","34.3%","61","189","32.3%","2.3","39.0"
"242","Khalil Herbert","CHI","RB","13","292","763","38.3%","156","378","41.3%","136","385","35.3%","12","30","40.0%","13","45","28.9%","40","110","36.4%","9.1","117.8"
"243","Brevin Jordan","HST","TE","11","257","677","38.0%","101","263","38.4%","156","414","37.7%","6","14","42.9%","15","39","38.5%","40","89","44.9%","2.4","26.8"
"244","Chris Manhertz","JAX","TE","17","406","1072","37.9%","266","424","62.7%","140","648","21.6%","26","48","54.2%","41","84","48.8%","73","176","41.5%","0.6","10.2"
"245","Scotty Washington","NE","TE","1","20","53","37.7%","8","16","50.0%","12","37","32.4%","3","3","100.0%","6","6","100.0%","7","7","100.0%","0.0","0.0"
"246","Chigoziem Okonkwo","TEN","TE","17","370","992","37.3%","185","463","40.0%","185","529","35.0%","12","27","44.4%","24","50","48.0%","58","118","49.2%","5.7","97.2"
"247","James Robinson","JAX, NYJ","RB","11","257","698","36.8%","133","274","48.5%","124","424","29.2%","17","32","53.1%","30","64","46.9%","53","131","40.5%","8.1","88.6"
"248","Damiere Byrd","ATL","WR","14","303","830","36.5%","140","435","32.2%","163","395","41.3%","13","37","35.1%","22","70","31.4%","45","140","32.1%","3.7","51.8"
"249","Eric Tomlinson","DEN","TE","17","392","1078","36.4%","238","415","57.3%","154","663","23.2%","19","34","55.9%","25","58","43.1%","42","96","43.8%","1.7","28.9"
"250","Cole Turner","WAS","TE","10","235","650","36.2%","145","323","44.9%","90","327","27.5%","8","23","34.8%","18","54","33.3%","27","98","27.6%","0.4","4.3"
"251","O.J. Howard","HST","TE","14","297","830","35.8%","146","302","48.3%","151","528","28.6%","15","26","57.7%","21","43","48.8%","42","101","41.6%","2.6","36.5"
"252","Damien Harris","NE","RB","11","234","655","35.7%","117","268","43.7%","117","387","30.2%","8","18","44.4%","17","38","44.7%","30","81","37.0%","8.3","90.9"
"253","Ty Montgomery","NE","WR","1","19","54","35.2%","3","21","14.3%","16","33","48.5%","0","0","0.0%","1","3","33.3%","1","3","33.3%","10.3","10.3"
"254","Laquon Treadwell","SEA","WR","6","138","395","34.9%","59","150","39.3%","79","245","32.2%","3","11","27.3%","8","25","32.0%","21","64","32.8%","1.7","10.2"
"255","Albert Okwuegbunam","DEN","TE","8","177","507","34.9%","37","197","18.8%","140","310","45.2%","9","20","45.0%","14","30","46.7%","20","59","33.9%","3.2","25.5"
"256","Kenny Golladay","NYG","WR","11","244","703","34.7%","95","300","31.7%","149","403","37.0%","6","19","31.6%","13","39","33.3%","26","69","37.7%","1.8","20.1"
"257","Nick Vannett","NO, NYG","TE","9","200","578","34.6%","101","215","47.0%","99","363","27.3%","7","14","50.0%","14","35","40.0%","25","70","35.7%","1.3","11.5"
"258","D'Onta Foreman","CAR","RB","17","337","976","34.5%","218","464","47.0%","119","512","23.2%","16","31","51.6%","23","54","42.6%","50","129","38.8%","7.7","131.0"
"259","Tanner Hudson","NYG","TE","11","243","709","34.3%","72","317","22.7%","171","392","43.6%","9","31","29.0%","14","48","29.2%","25","87","28.7%","2.1","23.2"
"260","Eno Benjamin","HST, ARZ, NO","RB","14","320","937","34.2%","105","360","29.2%","215","577","37.3%","9","42","21.4%","17","69","24.6%","38","133","28.6%","6.4","89.6"
"261","Eric Saubert","DEN","TE","17","368","1078","34.1%","169","415","40.7%","199","663","30.0%","15","34","44.1%","21","58","36.2%","41","96","42.7%","2.1","35.8"
"262","Steven Sims","PIT","WR","12","275","806","34.1%","124","358","34.6%","151","448","33.7%","4","26","15.4%","15","56","26.8%","43","128","33.6%","2.6","31.4"
"263","Chase Edmonds","MIA, DEN","RB","13","276","812","34.0%","90","297","30.3%","186","515","36.1%","7","21","33.3%","11","34","32.4%","32","79","40.5%","5.7","74.2"
"264","Tyler Kroft","SF","TE","11","233","689","33.8%","161","358","45.0%","72","331","21.8%","12","41","29.3%","18","69","26.1%","42","130","32.3%","0.9","9.7"
"265","Marcus Johnson","NYG","WR","14","296","894","33.1%","110","386","28.5%","186","508","36.6%","11","33","33.3%","17","61","27.9%","35","111","31.5%","1.4","18.9"
"266","Taysom Hill","NO","TE","16","312","951","32.8%","165","429","38.5%","147","522","28.2%","6","20","30.0%","19","48","39.6%","41","125","32.8%","9.1","145.8"
"267","Jamison Crowder","BUF","WR","4","90","275","32.7%","20","82","24.4%","70","193","36.3%","4","16","25.0%","8","25","32.0%","17","51","33.3%","3.0","12.0"
"268","Donald Parham","LAC","TE","6","135","417","32.4%","58","160","36.3%","77","257","30.0%","9","19","47.4%","17","37","45.9%","26","77","33.8%","4.8","29.0"
"269","Tony Jones","NO, SEA","RB","3","59","184","32.1%","10","51","19.6%","49","133","36.8%","1","4","25.0%","2","11","18.2%","4","28","14.3%","3.5","10.4"
"270","Pharaoh Brown","HST, CLV","TE","16","326","1019","32.0%","187","426","43.9%","139","593","23.4%","10","27","37.0%","22","57","38.6%","45","133","33.8%","1.5","23.7"
"271","Clyde Edwards-Helaire","KC","RB","10","211","660","32.0%","78","211","37.0%","133","449","29.6%","13","35","37.1%","17","58","29.3%","38","126","30.2%","9.8","98.3"
"272","Isiah Pacheco","KC","RB","17","346","1094","31.6%","176","371","47.4%","170","723","23.5%","15","65","23.1%","33","121","27.3%","50","217","23.0%","8.1","137.0"
"273","Jaylen Warren","PIT","RB","16","329","1042","31.6%","108","435","24.8%","221","607","36.4%","4","35","11.4%","11","65","16.9%","42","141","29.8%","5.8","93.3"
"274","Mark Ingram","NO","RB","10","198","632","31.3%","78","259","30.1%","120","373","32.2%","4","17","23.5%","11","34","32.4%","26","85","30.6%","5.2","52.1"
"275","Jelani Woods","IND","TE","15","305","982","31.1%","99","362","27.3%","206","620","33.2%","10","28","35.7%","26","59","44.1%","45","136","33.1%","4.9","74.2"
"276","Chuba Hubbard","CAR","RB","15","265","855","31.0%","116","412","28.2%","149","443","33.6%","7","22","31.8%","13","40","32.5%","33","106","31.1%","5.9","88.7"
"277","Kevin White","NO","WR","7","125","408","30.6%","50","155","32.3%","75","253","29.6%","1","10","10.0%","4","23","17.4%","12","59","20.3%","1.3","9.4"
"278","Mason Schreck","HST","TE","3","51","167","30.5%","21","70","30.0%","30","97","30.9%","3","3","100.0%","3","10","30.0%","7","20","35.0%","0.9","2.6"
"279","Kyren Williams","LA","RB","8","138","456","30.3%","47","194","24.2%","91","262","34.7%","1","11","9.1%","7","27","25.9%","11","51","21.6%","3.8","30.5"
"280","Chris Myarick","NYG","TE","15","288","960","30.0%","183","423","43.3%","105","537","19.6%","16","38","42.1%","23","66","34.8%","43","120","35.8%","1.3","19.5"
"281","Anthony McFarland","PIT","RB","1","20","67","29.9%","9","33","27.3%","11","34","32.4%","0","3","0.0%","4","8","50.0%","6","12","50.0%","6.1","6.1"
"282","Deon Jackson","IND","RB","13","244","822","29.7%","76","304","25.0%","168","518","32.4%","6","23","26.1%","12","52","23.1%","33","114","28.9%","6.6","85.5"
"283","Breshad Perriman","TB","WR","11","215","725","29.7%","76","260","29.2%","139","465","29.9%","3","27","11.1%","9","52","17.3%","15","106","14.2%","2.2","24.3"
"284","Joshua Kelley","LAC","RB","13","264","897","29.4%","80","305","26.2%","184","592","31.1%","5","32","15.6%","12","70","17.1%","34","157","21.7%","5.0","64.8"
"285","Quintin Morris","BUF","TE","14","265","907","29.2%","109","324","33.6%","156","583","26.8%","7","41","17.1%","13","66","19.7%","44","160","27.5%","1.5","21.4"
"286","Khalil Shakir","BUF","WR","14","256","889","28.8%","122","340","35.9%","134","549","24.4%","11","35","31.4%","14","60","23.3%","48","153","31.4%","2.4","34.1"
"287","Zack Moss","IND, BUF","RB","13","241","837","28.8%","105","316","33.2%","136","521","26.1%","5","35","14.3%","13","62","21.0%","32","139","23.0%","5.0","65.5"
"288","Skyy Moore","KC","WR","16","298","1038","28.7%","131","346","37.9%","167","692","24.1%","14","58","24.1%","29","111","26.1%","50","203","24.6%","2.9","46.4"
"289","Michael Bandy","LAC","WR","10","198","692","28.6%","53","209","25.4%","145","483","30.0%","4","21","19.0%","9","48","18.8%","20","116","17.2%","1.9","18.9"
"290","Zach Pascal","PHI","WR","17","320","1124","28.5%","161","499","32.3%","159","625","25.4%","14","55","25.5%","22","98","22.4%","43","191","22.5%","2.1","36.0"
"291","Brandon Powell","LA","WR","17","284","1001","28.4%","134","388","34.5%","150","613","24.5%","7","32","21.9%","17","69","24.6%","39","131","29.8%","2.8","47.6"
"292","Mike Thomas","CIN","WR","10","185","656","28.2%","71","232","30.6%","114","424","26.9%","18","38","47.4%","26","60","43.3%","43","104","41.3%","0.8","7.8"
"293","Phillip Lindsay","IND","RB","3","58","207","28.0%","19","59","32.2%","39","148","26.4%","0","2","0.0%","2","8","25.0%","3","21","14.3%","4.9","14.8"
"294","Gus Edwards","BLT","RB","9","160","572","28.0%","115","275","41.8%","45","297","15.2%","6","14","42.9%","14","44","31.8%","27","100","27.0%","6.7","60.3"
"295","Dontrell Hilliard","TEN","RB","12","192","687","27.9%","41","323","12.7%","151","364","41.5%","2","21","9.5%","17","42","40.5%","32","97","33.0%","6.4","77.2"
"296","Kenneth Gainwell","PHI","RB","17","312","1124","27.8%","88","499","17.6%","224","625","35.8%","14","55","25.5%","31","98","31.6%","59","191","30.9%","5.2","87.9"
"297","Jakob Johnson","LV","FB","17","291","1049","27.7%","201","403","49.9%","90","646","13.9%","14","33","42.4%","22","64","34.4%","44","133","33.1%","0.4","6.0"
"298","Cam Sims","WAS","WR","17","316","1140","27.7%","142","510","27.8%","174","630","27.6%","10","41","24.4%","17","82","20.7%","47","159","29.6%","1.0","16.9"
"299","Ashton Dulin","IND","WR","12","220","795","27.7%","97","315","30.8%","123","480","25.6%","9","30","30.0%","15","54","27.8%","32","116","27.6%","3.5","42.5"
"300","Myles Gaskin","MIA","RB","2","37","134","27.6%","14","50","28.0%","23","84","27.4%","0","6","0.0%","0","9","0.0%","3","19","15.8%","4.7","9.4"
"301","J.J. Taylor","NE","RB","1","17","62","27.4%","10","28","35.7%","7","34","20.6%","1","5","20.0%","1","6","16.7%","1","8","12.5%","2.7","2.7"
"302","Chris Conley","TEN, HST","WR","9","149","547","27.2%","71","248","28.6%","78","299","26.1%","2","15","13.3%","2","21","9.5%","11","50","22.0%","1.0","8.6"
"303","Charlie Kolar","BLT","TE","2","34","125","27.2%","7","52","13.5%","27","73","37.0%","0","1","0.0%","2","8","25.0%","5","17","29.4%","4.5","8.9"
"304","Justice Hill","BLT","RB","15","252","933","27.0%","88","437","20.1%","164","496","33.1%","5","31","16.1%","16","70","22.9%","31","158","19.6%","2.9","43.0"
"305","Braxton Berrios","NYJ","WR","17","286","1074","26.6%","105","386","27.2%","181","688","26.3%","8","32","25.0%","23","62","37.1%","50","139","36.0%","3.4","57.7"
"306","Laviska Shenault","CAR","WR","13","201","763","26.3%","113","390","29.0%","88","373","23.6%","2","29","6.9%","9","49","18.4%","26","103","25.2%","5.6","72.7"
"307","Travis Homer","SEA","RB","10","156","597","26.1%","32","192","16.7%","124","405","30.6%","1","10","10.0%","6","26","23.1%","16","78","20.5%","4.4","44.1"
"308","Cody Hollister","TEN","WR","11","163","625","26.1%","113","312","36.2%","50","313","16.0%","6","18","33.3%","13","38","34.2%","19","81","23.5%","0.8","8.4"
"309","Rex Burkhead","HST","RB","16","248","954","26.0%","29","355","8.2%","219","599","36.6%","7","23","30.4%","16","54","29.6%","35","128","27.3%","4.5","71.4"
"310","Ray-Ray McCloud","SF","WR","17","272","1047","26.0%","104","491","21.2%","168","556","30.2%","10","56","17.9%","22","95","23.2%","43","178","24.2%","3.4","58.1"
"311","T.Y. Hilton","DAL","WR","3","55","212","25.9%","20","82","24.4%","35","130","26.9%","1","6","16.7%","1","16","6.3%","3","29","10.3%","6.4","19.1"
"312","Peyton Hendershot","DAL","TE","17","289","1114","25.9%","165","514","32.1%","124","600","20.7%","25","41","61.0%","34","80","42.5%","49","155","31.6%","2.3","39.5"
"313","D'Wayne Eskridge","SEA","WR","10","152","588","25.9%","59","229","25.8%","93","359","25.9%","4","8","50.0%","9","27","33.3%","23","86","26.7%","1.4","13.8"
"314","Spencer Brown","CAR","RB","2","31","121","25.6%","9","52","17.3%","22","69","31.9%","1","9","11.1%","2","14","14.3%","2","23","8.7%","3.7","7.3"
"315","Keith Smith","ATL","FB","17","259","1011","25.6%","183","521","35.1%","76","490","15.5%","12","41","29.3%","28","80","35.0%","52","172","30.2%","0.1","2.0"
"316","Amari Rodgers","GB, HST","WR","16","257","1006","25.5%","96","406","23.6%","161","600","26.8%","2","26","7.7%","4","62","6.5%","23","133","17.3%","2.6","41.1"
"317","Cedrick Wilson","MIA","WR","15","224","885","25.3%","88","320","27.5%","136","565","24.1%","3","27","11.1%","5","48","10.4%","21","113","18.6%","1.8","26.4"
"318","Scott Miller","TB","WR","14","244","965","25.3%","57","318","17.9%","187","647","28.9%","2","31","6.5%","7","67","10.4%","19","136","14.0%","3.0","42.3"
"319","Elijah Mitchell","SF","RB","5","81","322","25.2%","56","165","33.9%","25","157","15.9%","6","22","27.3%","14","41","34.1%","21","66","31.8%","8.7","43.6"
"320","Cade Johnson","SEA","WR","3","51","203","25.1%","18","89","20.2%","33","114","28.9%","1","7","14.3%","1","13","7.7%","5","36","13.9%","1.4","4.1"
"321","Kyle Philips","TEN","WR","4","57","227","25.1%","10","107","9.3%","47","120","39.2%","0","5","0.0%","2","12","16.7%","5","24","20.8%","3.5","13.8"
"322","James Cook","BUF","RB","16","258","1037","24.9%","121","379","31.9%","137","658","20.8%","5","45","11.1%","14","78","17.9%","44","180","24.4%","6.7","106.7"
"323","Tyler Johnson","HST","WR","2","27","109","24.8%","13","45","28.9%","14","64","21.9%","0","2","0.0%","0","3","0.0%","0","6","0.0%","0.0","0.0"
"324","Alexander Mattison","MIN","RB","17","274","1123","24.4%","84","390","21.5%","190","733","25.9%","9","53","17.0%","24","102","23.5%","41","189","21.7%","5.2","88.4"
"325","Darrel Williams","ARZ","RB","5","88","368","23.9%","23","123","18.7%","65","245","26.5%","7","17","41.2%","10","24","41.7%","17","52","32.7%","4.2","21.1"
"326","Shane Zylstra","DET","TE","13","201","849","23.7%","74","374","19.8%","127","475","26.7%","18","53","34.0%","24","84","28.6%","48","164","29.3%","3.2","41.0"
"327","Drew Sample","CIN","TE","2","38","161","23.6%","16","51","31.4%","22","110","20.0%","2","9","22.2%","3","14","21.4%","4","22","18.2%","0.9","1.8"
"328","DeSean Jackson","BLT","WR","7","100","425","23.5%","26","215","12.1%","74","210","35.2%","2","9","22.2%","6","28","21.4%","14","74","18.9%","3.5","24.3"
"329","Craig Reynolds","DET","RB","7","105","450","23.3%","32","187","17.1%","73","263","27.8%","5","23","21.7%","9","37","24.3%","15","57","26.3%","4.4","30.8"
"330","Josiah Deguara","GB","TE","17","243","1051","23.1%","129","443","29.1%","114","608","18.8%","11","38","28.9%","14","68","20.6%","35","157","22.3%","1.4","24.4"
"331","Kadarius Toney","KC, NYG","WR","9","135","584","23.1%","52","202","25.7%","83","382","21.7%","3","22","13.6%","13","48","27.1%","23","94","24.5%","6.5","58.3"
"332","Andrew Beck","DEN","TE","13","190","822","23.1%","129","322","40.1%","61","500","12.2%","9","29","31.0%","11","50","22.0%","14","84","16.7%","0.9","11.9"
"333","Grant Calcaterra","PHI","TE","14","215","931","23.1%","128","426","30.0%","87","505","17.2%","12","44","27.3%","19","84","22.6%","41","174","23.6%","0.9","13.1"
"334","Devin Asiasi","CIN","TE","12","177","769","23.0%","121","281","43.1%","56","488","11.5%","8","39","20.5%","16","69","23.2%","34","135","25.2%","0.2","2.5"
"335","Jaret Patterson","WAS","RB","2","30","131","22.9%","21","74","28.4%","9","57","15.8%","0","6","0.0%","4","12","33.3%","9","25","36.0%","3.9","7.8"
"336","River Cracraft","MIA","WR","11","153","674","22.7%","71","235","30.2%","82","439","18.7%","2","21","9.5%","4","35","11.4%","16","80","20.0%","2.8","31.2"
"337","Matt Breida","NYG","RB","17","246","1089","22.6%","101","459","22.0%","145","630","23.0%","7","38","18.4%","16","70","22.9%","32","130","24.6%","3.5","59.8"
"338","Jake Kumerow","BUF","WR","6","90","400","22.5%","36","127","28.3%","54","273","19.8%","4","20","20.0%","6","35","17.1%","15","75","20.0%","1.7","10.4"
"339","Racey McMath","TEN","WR","4","57","256","22.3%","13","103","12.6%","44","153","28.8%","3","9","33.3%","3","12","25.0%","6","28","21.4%","1.6","6.4"
"340","Mike Woods","CLV","WR","10","141","634","22.2%","47","259","18.1%","94","375","25.1%","4","15","26.7%","7","39","17.9%","16","92","17.4%","0.9","9.0"
"341","J.P. Holtz","NO","TE","6","85","385","22.1%","67","173","38.7%","18","212","8.5%","2","9","22.2%","5","21","23.8%","11","54","20.4%","0.0","0.0"
"342","Trinity Benson","DET","WR","1","13","59","22.0%","7","29","24.1%","6","30","20.0%","2","5","40.0%","2","7","28.6%","3","14","21.4%","0.0","0.0"
"343","Armani Rogers","WAS","TE","10","146","664","22.0%","86","286","30.1%","60","378","15.9%","4","23","17.4%","7","47","14.9%","21","95","22.1%","1.4","14.0"
"344","Velus Jones","CHI","WR","12","155","706","22.0%","80","328","24.4%","75","378","19.8%","7","23","30.4%","13","46","28.3%","23","96","24.0%","3.1","37.0"
"345","Anthony Firkser","ATL","TE","11","147","670","21.9%","46","335","13.7%","101","335","30.1%","10","27","37.0%","18","54","33.3%","28","115","24.3%","1.7","19.0"
"346","Ko Kieft","TB","TE","17","254","1159","21.9%","167","382","43.7%","87","777","11.2%","17","42","40.5%","23","84","27.4%","41","163","25.2%","1.2","21.0"
"347","Andy Isabella","ARZ, BLT","WR","5","69","315","21.9%","22","131","16.8%","47","184","25.5%","0","11","0.0%","0","26","0.0%","5","52","9.6%","0.8","4.2"
"348","Daylen Baldwin","CLV","WR","1","14","64","21.9%","9","32","28.1%","5","32","15.6%","1","5","20.0%","1","8","12.5%","5","16","31.3%","4.5","4.5"
"349","Maxx Williams","ARZ","TE","11","162","748","21.7%","95","257","37.0%","67","491","13.6%","11","21","52.4%","17","39","43.6%","25","86","29.1%","0.4","4.8"
"350","Jamycal Hasty","JAX","RB","16","217","1005","21.6%","68","387","17.6%","149","618","24.1%","6","46","13.0%","10","80","12.5%","27","168","16.1%","4.4","70.0"
"351","Bryan Edwards","ATL","WR","7","88","416","21.2%","35","208","16.8%","53","208","25.5%","1","11","9.1%","4","26","15.4%","16","64","25.0%","0.6","4.5"
"352","Mike Boone","DEN","RB","9","120","569","21.1%","29","212","13.7%","91","357","25.5%","0","19","0.0%","3","36","8.3%","7","59","11.9%","3.2","28.8"
"353","Corey Clement","ARZ","RB","5","68","323","21.1%","20","114","17.5%","48","209","23.0%","1","4","25.0%","3","11","27.3%","6","33","18.2%","4.4","21.9"
"354","Lynn Bowden","NE","RB","1","13","62","21.0%","9","28","32.1%","4","34","11.8%","0","5","0.0%","0","6","0.0%","0","8","0.0%","0.0","0.0"
"355","Joe Fortson","KC","TE","13","173","838","20.6%","67","300","22.3%","106","538","19.7%","14","53","26.4%","25","93","26.9%","38","166","22.9%","2.4","30.8"
"356","Gunner Olszewski","PIT","WR","16","212","1037","20.4%","131","452","29.0%","81","585","13.8%","8","38","21.1%","14","72","19.4%","27","142","19.0%","0.8","13.2"
"357","DeeJay Dallas","SEA","RB","15","190","930","20.4%","48","368","13.0%","142","562","25.3%","2","18","11.1%","7","49","14.3%","25","141","17.7%","3.1","47.2"
"358","Ty Johnson","NYJ","RB","13","165","808","20.4%","37","294","12.6%","128","514","24.9%","0","20","0.0%","6","44","13.6%","15","105","14.3%","3.3","42.8"
"359","Andre Baccellia","ARZ","WR","8","110","544","20.2%","36","199","18.1%","74","345","21.4%","1","21","4.8%","2","36","5.6%","7","68","10.3%","1.4","11.5"
"360","Brycen Hopkins","LA","TE","14","165","818","20.2%","79","337","23.4%","86","481","17.9%","8","27","29.6%","14","58","24.1%","30","108","27.8%","1.3","17.9"
"361","David Johnson","NO","RB","5","58","289","20.1%","23","164","14.0%","35","125","28.0%","0","5","0.0%","2","15","13.3%","5","41","12.2%","2.0","10.1"
"362","Deven Thompkins","TB","WR","5","70","349","20.1%","31","117","26.5%","39","232","16.8%","1","13","7.7%","3","28","10.7%","7","47","14.9%","2.2","10.8"
"363","Trevon Wesco","CHI","TE","15","176","879","20.0%","122","430","28.4%","54","449","12.0%","13","32","40.6%","22","56","39.3%","34","123","27.6%","0.4","6.6"
"364","Darrynton Evans","CHI","RB","4","46","230","20.0%","16","110","14.5%","30","120","25.0%","0","4","0.0%","0","16","0.0%","0","27","0.0%","2.7","10.7"
"365","James Proche","BLT","WR","15","185","939","19.7%","49","437","11.2%","136","502","27.1%","5","26","19.2%","11","62","17.7%","27","150","18.0%","0.9","13.2"
"366","James Mitchell","DET","TE","14","175","889","19.7%","89","381","23.4%","86","508","16.9%","20","56","35.7%","25","91","27.5%","39","164","23.8%","2.0","28.3"
"367","Tyrie Cleveland","DEN","WR","5","64","328","19.5%","25","120","20.8%","39","208","18.8%","3","12","25.0%","4","23","17.4%","6","39","15.4%","1.0","4.8"
"368","Jameson Williams","DET","WR","6","78","400","19.5%","37","165","22.4%","41","235","17.4%","5","18","27.8%","5","33","15.2%","11","78","14.1%","2.5","15.1"
"369","Quintez Cephus","DET","WR","4","52","269","19.3%","28","108","25.9%","24","161","14.9%","0","20","0.0%","0","26","0.0%","1","40","2.5%","0.9","3.5"
"370","Dare Ogunbowale","HST","RB","15","171","890","19.2%","51","326","15.6%","120","564","21.3%","2","22","9.1%","11","52","21.2%","27","124","21.8%","3.2","48.7"
"371","Nyheim Hines","IND, BUF","RB","16","199","1043","19.1%","59","394","15.0%","140","649","21.6%","7","37","18.9%","15","69","21.7%","34","158","21.5%","4.3","69.4"
"372","Nsimba Webster","CHI","WR","1","11","58","19.0%","3","25","12.0%","8","33","24.2%","0","0","0.0%","0","3","0.0%","0","7","0.0%","3.4","3.4"
"373","Blake Bell","KC","TE","3","31","165","18.8%","18","58","31.0%","13","107","12.1%","4","11","36.4%","6","25","24.0%","8","35","22.9%","3.3","10.0"
"374","Josh Gordon","TEN","WR","2","20","108","18.5%","11","52","21.2%","9","56","16.1%","0","5","0.0%","0","5","0.0%","0","10","0.0%","0.0","0.0"
"375","KhaDarel Hodge","ATL","WR","17","186","1011","18.4%","105","521","20.2%","81","490","16.5%","5","41","12.2%","10","80","12.5%","27","172","15.7%","2.4","41.2"
"376","Jeff Smith","NYJ","WR","11","125","680","18.4%","54","256","21.1%","71","424","16.7%","3","24","12.5%","5","46","10.9%","21","94","22.3%","1.9","21.4"
"377","Tyrion Davis-Price","SF","RB","6","68","373","18.2%","40","167","24.0%","28","206","13.6%","3","21","14.3%","6","34","17.6%","14","84","16.7%","1.7","9.9"
"378","Braylon Sanders","MIA","WR","3","30","166","18.1%","11","66","16.7%","19","100","19.0%","0","6","0.0%","0","10","0.0%","2","23","8.7%","0.9","2.7"
"379","Jalen Tolbert","DAL","WR","7","84","465","18.1%","44","226","19.5%","40","239","16.7%","3","19","15.8%","5","37","13.5%","9","71","12.7%","0.5","3.2"
"380","Giovanni Ricci","CAR","TE","15","154","857","18.0%","81","404","20.0%","73","453","16.1%","3","28","10.7%","3","47","6.4%","8","112","7.1%","1.2","18.0"
"381","Tevin Coleman","SF","RB","3","30","167","18.0%","13","65","20.0%","17","102","16.7%","3","8","37.5%","5","11","45.5%","7","20","35.0%","7.3","22.0"
"382","Khari Blasingame","CHI","FB","16","169","943","17.9%","118","466","25.3%","51","477","10.7%","7","34","20.6%","8","60","13.3%","26","135","19.3%","0.0","0.0"
"383","Justin Jackson","DET","RB","15","171","956","17.9%","55","399","13.8%","116","557","20.8%","4","59","6.8%","8","90","8.9%","23","166","13.9%","3.4","51.1"
"384","Sony Michel","LAC","RB","10","120","673","17.8%","41","221","18.6%","79","452","17.5%","4","22","18.2%","5","49","10.2%","14","104","13.5%","2.5","24.9"
"385","Jason Cabinda","DET","FB","8","94","528","17.8%","60","244","24.6%","34","284","12.0%","4","34","11.8%","8","54","14.8%","13","100","13.0%","0.2","1.9"
"386","Adam Prentice","NO","FB","11","112","630","17.8%","81","278","29.1%","31","352","8.8%","3","13","23.1%","8","29","27.6%","18","79","22.8%","0.4","4.8"
"387","Ben Ellefson","MIN","TE","4","45","254","17.7%","26","87","29.9%","19","167","11.4%","0","9","0.0%","2","25","8.0%","3","44","6.8%","1.4","5.6"
"388","Demetric Felton","CLV","RB","6","71","403","17.6%","46","203","22.7%","25","200","12.5%","1","13","7.7%","2","35","5.7%","7","67","10.4%","0.4","2.4"
"389","Tommy Sweeney","BUF","TE","6","66","375","17.6%","41","142","28.9%","25","233","10.7%","0","11","0.0%","1","21","4.8%","6","54","11.1%","0.3","1.7"
"390","Reggie Gilliam","BUF","FB","15","173","983","17.6%","89","358","24.9%","84","625","13.4%","6","44","13.6%","9","77","11.7%","34","176","19.3%","1.4","20.9"
"391","Jordan Wilkins","IND","RB","4","39","225","17.3%","14","87","16.1%","25","138","18.1%","0","3","0.0%","1","6","16.7%","7","23","30.4%","3.7","14.7"
"392","Kevin Harris","NE","RB","5","50","289","17.3%","27","108","25.0%","23","181","12.7%","4","14","28.6%","5","21","23.8%","9","38","23.7%","2.2","11.2"
"393","Malcolm Brown","LA","RB","9","91","527","17.3%","25","200","12.5%","66","327","20.2%","7","18","38.9%","13","39","33.3%","19","68","27.9%","2.5","22.8"
"394","Caleb Huntley","ATL","RB","12","119","690","17.2%","85","363","23.4%","34","327","10.4%","7","25","28.0%","13","50","26.0%","28","111","25.2%","3.7","44.9"
"395","Ryan Griffin","CHI","TE","15","150","871","17.2%","93","426","21.8%","57","445","12.8%","9","30","30.0%","19","57","33.3%","32","121","26.4%","0.4","6.6"
"396","Charlie Woerner","SF","TE","17","179","1047","17.1%","130","491","26.5%","49","556","8.8%","22","56","39.3%","29","95","30.5%","44","178","24.7%","0.0","0.0"
"397","Troy Hairston","HST","FB","16","162","951","17.0%","108","342","31.6%","54","609","8.9%","9","21","42.9%","10","53","18.9%","17","129","13.2%","0.4","6.9"
"398","Hassan Haskins","TEN","RB","15","147","877","16.8%","36","427","8.4%","111","450","24.7%","0","23","0.0%","2","45","4.4%","6","98","6.1%","1.7","26.0"
"399","Frank Darby","ATL","WR","5","50","303","16.5%","30","154","19.5%","20","149","13.4%","0","15","0.0%","2","29","6.9%","7","60","11.7%","0.5","2.5"
"400","Garrett Griffin","DET","TE","1","10","61","16.4%","5","15","33.3%","5","46","10.9%","1","3","33.3%","1","7","14.3%","2","22","9.1%","0.0","0.0"
"401","Boston Scott","PHI","RB","15","160","976","16.4%","70","420","16.7%","90","556","16.2%","13","46","28.3%","19","81","23.5%","36","154","23.4%","3.1","46.2"
"402","Tyler Davis","GB","TE","17","169","1051","16.1%","103","443","23.3%","66","608","10.9%","12","38","31.6%","14","68","20.6%","29","157","18.5%","0.4","6.6"
"403","Lucas Krull","NO","TE","1","9","56","16.1%","1","24","4.2%","8","32","25.0%","0","1","0.0%","0","2","0.0%","1","8","12.5%","0.0","0.0"
"404","Malik Davis","DAL","RB","7","77","483","15.9%","42","214","19.6%","35","269","13.0%","1","19","5.3%","3","39","7.7%","9","73","12.3%","4.9","34.4"
"405","Tory Carter","TEN","FB","6","55","346","15.9%","35","166","21.1%","20","180","11.1%","3","13","23.1%","4","25","16.0%","5","47","10.6%","0.0","0.0"
"406","Jonathan Williams","WAS","RB","9","97","615","15.8%","38","264","14.4%","59","351","16.8%","4","24","16.7%","6","37","16.2%","17","77","22.1%","2.9","26.2"
"407","Juwann Winfree","GB","WR","3","30","191","15.7%","5","63","7.9%","25","128","19.5%","0","4","0.0%","0","10","0.0%","0","19","0.0%","0.9","2.7"
"408","Johnny Johnson","HST","WR","1","10","64","15.6%","4","22","18.2%","6","42","14.3%","0","0","0.0%","0","0","0.0%","1","9","11.1%","0.0","0.0"
"409","Ameer Abdullah","LV","RB","17","163","1049","15.5%","6","403","1.5%","157","646","24.3%","1","33","3.0%","6","64","9.4%","20","133","15.0%","3.2","54.1"
"410","Anthony Schwartz","CLV","WR","10","105","679","15.5%","42","299","14.0%","63","380","16.6%","0","23","0.0%","1","38","2.6%","5","93","5.4%","2.0","19.8"
"411","Ross Dwelley","SF","TE","10","94","608","15.5%","44","280","15.7%","50","328","15.2%","10","30","33.3%","12","53","22.6%","20","88","22.7%","2.0","19.5"
"412","Dyami Brown","WAS","WR","15","155","1007","15.4%","66","450","14.7%","89","557","16.0%","4","37","10.8%","6","71","8.5%","13","135","9.6%","2.2","32.8"
"413","Samori Toure","GB","WR","11","101","662","15.3%","22","289","7.6%","79","373","21.2%","1","30","3.3%","1","50","2.0%","10","108","9.3%","1.7","19.2"
"414","Connor Heyward","PIT","TE","17","169","1109","15.2%","85","468","18.2%","84","641","13.1%","7","38","18.4%","13","73","17.8%","27","153","17.6%","2.1","35.8"
"415","Cody White","PIT","WR","1","10","67","14.9%","9","33","27.3%","1","34","2.9%","0","3","0.0%","0","8","0.0%","0","12","0.0%","1.2","1.2"
"416","Austin Trammell","LA","WR","6","50","338","14.8%","19","150","12.7%","31","188","16.5%","1","9","11.1%","3","22","13.6%","3","44","6.8%","0.6","3.3"
"417","Kyric Mcgowan","WAS","WR","1","9","61","14.8%","4","23","17.4%","5","38","13.2%","0","1","0.0%","0","3","0.0%","0","7","0.0%","0.0","0.0"
"418","Richard Rodgers","LAC","TE","10","97","659","14.7%","52","199","26.1%","45","460","9.8%","6","21","28.6%","9","42","21.4%","16","95","16.8%","0.1","1.4"
"419","Tylan Wallace","BLT","WR","8","72","490","14.7%","27","197","13.7%","45","293","15.4%","1","19","5.3%","3","34","8.8%","7","72","9.7%","0.9","7.3"
"420","Ihmir Smith-Marsette","CHI, KC","WR","8","67","458","14.6%","34","213","16.0%","33","245","13.5%","4","26","15.4%","7","39","17.9%","11","67","16.4%","0.2","1.4"
"421","Dan Arnold","JAX","TE","16","149","1025","14.5%","87","410","21.2%","62","615","10.1%","0","48","0.0%","4","83","4.8%","22","171","12.9%","1.4","22.5"
"422","Marlon Mack","SF, DEN","RB","7","61","421","14.5%","18","156","11.5%","43","265","16.2%","2","10","20.0%","2","19","10.5%","5","32","15.6%","5.5","38.3"
"423","Stephen Sullivan","CAR","TE","14","117","813","14.4%","45","412","10.9%","72","401","18.0%","3","26","11.5%","5","44","11.4%","13","109","11.9%","0.5","6.6"
"424","Mike Strachan","IND","WR","13","120","841","14.3%","47","297","15.8%","73","544","13.4%","3","22","13.6%","8","47","17.0%","14","110","12.7%","0.7","8.9"
"425","C.J. Ham","MIN","FB","17","160","1123","14.2%","90","390","23.1%","70","733","9.5%","17","53","32.1%","18","102","17.6%","26","189","13.8%","1.8","31.3"
"426","Jalen Guyton","LAC","WR","3","28","197","14.2%","9","65","13.8%","19","132","14.4%","0","7","0.0%","2","16","12.5%","3","28","10.7%","2.8","8.4"
"427","Matt Sokol","NE","TE","3","25","177","14.1%","21","77","27.3%","4","100","4.0%","2","5","40.0%","2","11","18.2%","2","27","7.4%","0.0","0.0"
"428","Jamal Agnew","JAX","WR","15","133","942","14.1%","45","373","12.1%","88","569","15.5%","4","39","10.3%","6","74","8.1%","16","151","10.6%","4.7","70.3"
"429","Damien Williams","ATL","RB","1","10","71","14.1%","4","33","12.1%","6","38","15.8%","0","2","0.0%","0","5","0.0%","0","9","0.0%","0.2","0.2"
"430","Kevin Rader","TEN","TE","14","114","815","14.0%","89","381","23.4%","25","434","5.8%","6","21","28.6%","7","37","18.9%","13","93","14.0%","0.0","0.0"
"431","Hunter Long","MIA","TE","10","86","615","14.0%","54","227","23.8%","32","388","8.2%","5","16","31.3%","5","31","16.1%","14","78","17.9%","0.0","0.0"
"432","Keaontay Ingram","ARZ","RB","11","99","714","13.9%","40","245","16.3%","59","469","12.6%","3","15","20.0%","5","33","15.2%","16","84","19.0%","1.6","18.1"
"433","Dareke Young","SEA","WR","12","104","753","13.8%","70","284","24.6%","34","469","7.2%","1","18","5.6%","5","44","11.4%","13","119","10.9%","0.4","4.4"
"434","Jeremy Ruckert","NYJ","TE","5","42","305","13.8%","27","130","20.8%","15","175","8.6%","2","10","20.0%","4","20","20.0%","4","41","9.8%","0.4","1.8"
"435","Jesse James","CLV","TE","2","19","139","13.7%","11","69","15.9%","8","70","11.4%","1","5","20.0%","1","13","7.7%","1","24","4.2%","0.0","0.0"
"436","Ronnie Rivers","LA","RB","3","25","183","13.7%","12","84","14.3%","13","99","13.1%","1","13","7.7%","2","19","10.5%","5","36","13.9%","3.3","10.0"
"437","Willie Snead","SF","WR","4","30","221","13.6%","13","96","13.5%","17","125","13.6%","0","6","0.0%","3","12","25.0%","4","35","11.4%","0.0","0.0"
"438","Tim Jones","JAX","WR","16","136","1005","13.5%","76","387","19.6%","60","618","9.7%","7","46","15.2%","11","80","13.8%","21","168","12.5%","0.4","6.0"
"439","Sean McKeon","DAL","TE","13","118","881","13.4%","90","408","22.1%","28","473","5.9%","12","40","30.0%","18","76","23.7%","24","141","17.0%","0.2","3.1"
"440","Isaiah Spiller","LAC","RB","6","53","399","13.3%","23","109","21.1%","30","290","10.3%","1","18","5.6%","1","35","2.9%","1","70","1.4%","1.4","8.4"
"441","Stone Smartt","LAC","TE","7","63","477","13.2%","24","164","14.6%","39","313","12.5%","2","23","8.7%","5","43","11.6%","14","91","15.4%","0.8","5.7"
"442","Kirk Merritt","NO","WR","3","23","176","13.1%","16","98","16.3%","7","78","9.0%","0","5","0.0%","1","12","8.3%","4","32","12.5%","0.0","0.0"
"443","Avery Williams","ATL","RB","17","132","1011","13.1%","49","521","9.4%","83","490","16.9%","3","41","7.3%","6","80","7.5%","20","172","11.6%","2.1","35.0"
"444","Tyron Johnson","LV, HST","WR","4","31","238","13.0%","16","93","17.2%","15","145","10.3%","0","10","0.0%","0","16","0.0%","2","35","5.7%","0.5","1.8"
"445","Trent Taylor","CIN","WR","16","137","1053","13.0%","58","372","15.6%","79","681","11.6%","7","54","13.0%","15","89","16.9%","35","180","19.4%","0.8","12.7"
"446","Tyler Badie","DEN","RB","1","8","62","12.9%","4","33","12.1%","4","29","13.8%","0","3","0.0%","0","3","0.0%","0","7","0.0%","9.4","9.4"
"447","Stephen Anderson","ARZ","TE","14","120","934","12.8%","64","327","19.6%","56","607","9.2%","5","30","16.7%","11","56","19.6%","19","119","16.0%","0.3","3.9"
"448","Jalen Virgil","DEN","WR","9","73","569","12.8%","28","219","12.8%","45","350","12.9%","0","14","0.0%","0","22","0.0%","3","39","7.7%","1.6","14.5"
"449","Kyle Rudolph","TB","TE","9","79","621","12.7%","37","181","20.4%","42","440","9.5%","5","17","29.4%","15","48","31.3%","23","92","25.0%","1.3","11.8"
"450","Larry Rountree","LAC","RB","3","24","196","12.2%","17","83","20.5%","7","113","6.2%","0","12","0.0%","0","21","0.0%","1","40","2.5%","1.8","5.3"
"451","Miles Boykin","PIT","WR","16","127","1042","12.2%","97","435","22.3%","30","607","4.9%","7","35","20.0%","11","65","16.9%","21","141","14.9%","0.2","3.1"
"452","Kwamie Lassiter","CIN","WR","1","8","66","12.1%","4","24","16.7%","4","42","9.5%","0","0","0.0%","0","5","0.0%","1","8","12.5%","0.0","0.0"
"453","Simi Fehoko","DAL","WR","5","35","294","11.9%","12","136","8.8%","23","158","14.6%","0","5","0.0%","1","12","8.3%","4","26","15.4%","1.1","5.4"
"454","Mason Kinsey","TEN","WR","2","13","114","11.4%","4","60","6.7%","9","54","16.7%","0","5","0.0%","0","7","0.0%","1","13","7.7%","0.7","1.3"
"455","Josh Ali","ATL","WR","2","14","128","10.9%","9","65","13.8%","5","63","7.9%","0","8","0.0%","0","17","0.0%","1","31","3.2%","0.0","0.0"
"456","John Brown","BUF","WR","3","20","184","10.9%","11","78","14.1%","9","106","8.5%","0","5","0.0%","0","11","0.0%","1","24","4.2%","3.7","11.2"
"457","Jalen Camp","HST","WR","2","13","121","10.7%","8","64","12.5%","5","57","8.8%","0","7","0.0%","1","9","11.1%","3","18","16.7%","0.9","1.7"
"458","Jordan Mason","SF","RB","12","80","747","10.7%","66","372","17.7%","14","375","3.7%","7","45","15.6%","9","71","12.7%","14","128","10.9%","2.7","31.8"
"459","Deonte Harty","NO","WR","4","27","254","10.6%","8","110","7.3%","19","144","13.2%","0","5","0.0%","1","13","7.7%","1","28","3.6%","0.6","2.3"
"460","Ronald Jones","KC","RB","6","39","367","10.6%","21","137","15.3%","18","230","7.8%","1","28","3.6%","4","58","6.9%","7","86","8.1%","2.7","16.2"
"461","Tanner Gentry","BUF","WR","3","20","190","10.5%","9","71","12.7%","11","119","9.2%","0","7","0.0%","0","14","0.0%","4","35","11.4%","0.0","0.0"
"462","Nikola Kalinic","IND","TE","7","46","438","10.5%","38","189","20.1%","8","249","3.2%","5","18","27.8%","7","36","19.4%","8","72","11.1%","0.0","0.0"
"463","Jason Moore","LAC","WR","6","43","411","10.5%","12","128","9.4%","31","283","11.0%","3","10","30.0%","4","26","15.4%","6","65","9.2%","0.3","1.5"
"464","Danny Gray","SF","WR","13","82","804","10.2%","54","382","14.1%","28","422","6.6%","2","43","4.7%","4","72","5.6%","12","139","8.6%","0.2","2.9"
"465","Cole Beasley","TB, BUF","WR","4","25","247","10.1%","5","75","6.7%","20","172","11.6%","0","15","0.0%","0","20","0.0%","1","41","2.4%","2.4","9.5"
"466","Lance McCutcheon","LA","WR","9","52","525","9.9%","24","210","11.4%","28","315","8.9%","0","10","0.0%","1","28","3.6%","4","59","6.8%","0.0","0.0"
"467","Brandon Bolden","LV","RB","13","78","788","9.9%","18","292","6.2%","60","496","12.1%","5","25","20.0%","11","48","22.9%","17","98","17.3%","2.1","27.3"
"468","Raheem Blackshear","CAR","RB","13","75","762","9.8%","30","384","7.8%","45","378","11.9%","5","29","17.2%","11","50","22.0%","15","106","14.2%","3.4","44.0"
"469","Luke Farrell","JAX","TE","16","100","1026","9.7%","72","405","17.8%","28","621","4.5%","4","46","8.7%","7","81","8.6%","14","170","8.2%","0.5","8.0"
"470","Salvon Ahmed","MIA","RB","6","36","370","9.7%","18","153","11.8%","18","217","8.3%","0","11","0.0%","0","15","0.0%","5","43","11.6%","2.4","14.2"
"471","Jalen Nailor","MIN","WR","9","59","608","9.7%","29","214","13.6%","30","394","7.6%","2","32","6.3%","5","57","8.8%","8","103","7.8%","3.7","32.9"
"472","Trestan Ebner","CHI","RB","15","85","876","9.7%","46","430","10.7%","39","446","8.7%","3","31","9.7%","5","55","9.1%","10","116","8.6%","0.5","7.2"
"473","Zander Horvath","LAC","RB","15","98","1025","9.6%","61","329","18.5%","37","696","5.3%","13","38","34.2%","18","79","22.8%","25","169","14.8%","1.2","18.6"
"474","Giovani Bernard","TB","RB","4","25","267","9.4%","8","104","7.7%","17","163","10.4%","1","11","9.1%","3","17","17.6%","4","34","11.8%","1.2","4.7"
"475","Gary Brightwell","NYG","RB","15","87","952","9.1%","37","407","9.1%","50","545","9.2%","3","34","8.8%","9","66","13.6%","17","121","14.0%","1.9","29.0"
"476","Kendall Blanton","LA","TE","5","26","302","8.6%","12","100","12.0%","14","202","6.9%","0","15","0.0%","0","23","0.0%","1","44","2.3%","1.1","5.5"
"477","Mike Davis","BLT","RB","8","40","480","8.3%","20","210","9.5%","20","270","7.4%","9","20","45.0%","9","30","30.0%","12","73","16.4%","0.5","4.2"
"478","Ty Chandler","MIN","RB","2","12","145","8.3%","7","67","10.4%","5","78","6.4%","0","11","0.0%","0","23","0.0%","0","34","0.0%","1.0","2.0"
"479","James Washington","DAL","WR","2","12","145","8.3%","5","69","7.2%","7","76","9.2%","0","8","0.0%","0","15","0.0%","2","29","6.9%","0.0","0.0"
"480","Dax Milne","WAS","WR","15","82","998","8.2%","46","438","10.5%","36","560","6.4%","4","39","10.3%","11","79","13.9%","18","147","12.2%","1.0","15.7"
"481","Montrell Washington","DEN","WR","15","78","950","8.2%","25","359","7.0%","53","591","9.0%","1","30","3.3%","2","54","3.7%","3","85","3.5%","0.4","6.2"
"482","Nick Boyle","BLT","TE","10","52","634","8.2%","46","301","15.3%","6","333","1.8%","3","21","14.3%","3","49","6.1%","8","115","7.0%","0.0","0.0"
"483","Jared Bernhardt","ATL","WR","2","9","110","8.2%","7","53","13.2%","2","57","3.5%","0","2","0.0%","0","5","0.0%","2","23","8.7%","0.0","0.0"
"484","Dez Fitzpatrick","TEN","WR","1","5","62","8.1%","2","31","6.5%","3","31","9.7%","0","3","0.0%","0","6","0.0%","0","10","0.0%","0.0","0.0"
"485","Julius Chestnut","TEN","RB","6","29","367","7.9%","10","151","6.6%","19","216","8.8%","0","9","0.0%","0","12","0.0%","6","37","16.2%","1.4","8.3"
"486","Penny Hart","SEA","WR","7","32","412","7.8%","11","139","7.9%","21","273","7.7%","0","3","0.0%","0","14","0.0%","1","41","2.4%","0.7","5.0"
"487","Trayveon Williams","CIN","RB","7","35","462","7.6%","14","163","8.6%","21","299","7.0%","0","17","0.0%","3","33","9.1%","5","82","6.1%","1.1","8.0"
"488","Tyree Jackson","PHI","TE","5","26","344","7.6%","13","158","8.2%","13","186","7.0%","2","17","11.8%","3","28","10.7%","8","53","15.1%","0.0","0.0"
"489","Jesper Horsted","LV","TE","11","52","693","7.5%","21","268","7.8%","31","425","7.3%","7","22","31.8%","7","49","14.3%","10","94","10.6%","0.4","4.9"
"490","Stanley Morgan","CIN","WR","14","70","937","7.5%","55","341","16.1%","15","596","2.5%","6","48","12.5%","10","81","12.3%","20","165","12.1%","0.0","0.0"
"491","Pharoh Cooper","ARZ","WR","5","24","326","7.4%","11","117","9.4%","13","209","6.2%","0","3","0.0%","0","9","0.0%","2","31","6.5%","0.8","4.1"
"492","Patrick Taylor","GB","RB","7","33","460","7.2%","19","205","9.3%","14","255","5.5%","4","20","20.0%","6","33","18.2%","6","72","8.3%","0.8","5.8"
"493","Noah Togiai","PHI","TE","2","10","140","7.1%","6","58","10.3%","4","82","4.9%","0","11","0.0%","0","14","0.0%","0","17","0.0%","0.0","0.0"
"494","Jalen Reagor","MIN","WR","17","80","1123","7.1%","28","390","7.2%","52","733","7.1%","3","53","5.7%","7","102","6.9%","13","189","6.9%","1.6","26.9"
"495","Javon Wims","ARZ","WR","1","5","71","7.0%","0","24","0.0%","5","47","10.6%","0","3","0.0%","0","3","0.0%","0","5","0.0%","0.0","0.0"
"496","Snoop Conner","JAX","RB","8","35","497","7.0%","20","203","9.9%","15","294","5.1%","1","23","4.3%","1","37","2.7%","5","71","7.0%","1.3","10.2"
"497","Duke Johnson","BUF","RB","1","5","72","6.9%","2","22","9.1%","3","50","6.0%","0","3","0.0%","3","7","42.9%","4","18","22.2%","0.4","0.4"
"498","Pierre Strong","NE","RB","12","50","724","6.9%","22","280","7.9%","28","444","6.3%","2","31","6.5%","2","50","4.0%","11","96","11.5%","2.3","27.2"
"499","Ke'Shawn Vaughn","TB","RB","7","34","494","6.9%","17","183","9.3%","17","311","5.5%","0","20","0.0%","0","37","0.0%","1","68","1.5%","1.5","10.2"
"500","Derek Watt","PIT","FB","17","75","1109","6.8%","57","468","12.2%","18","641","2.8%","18","38","47.4%","18","73","24.7%","21","153","13.7%","1.2","20.2"
"501","Jake Tonges","CHI","TE","3","12","178","6.7%","9","95","9.5%","3","83","3.6%","0","6","0.0%","0","6","0.0%","1","23","4.3%","0.0","0.0"
"502","Michael Burton","KC","FB","16","68","1022","6.7%","52","345","15.1%","16","677","2.4%","9","57","15.8%","13","105","12.4%","19","189","10.1%","0.2","3.8"
"503","C.J. Board","TEN","WR","4","15","233","6.4%","5","91","5.5%","10","142","7.0%","0","4","0.0%","0","14","0.0%","5","39","12.8%","0.4","1.6"
"504","Tanner Conner","MIA","WR","7","26","412","6.3%","12","132","9.1%","14","280","5.0%","0","14","0.0%","0","24","0.0%","2","50","4.0%","0.0","0.0"
"505","Jaelon Darden","TB, CLV","WR","14","58","921","6.3%","17","310","5.5%","41","611","6.7%","2","31","6.5%","3","63","4.8%","4","128","3.1%","0.3","4.8"
"506","Binjimen Victor","BLT","WR","1","4","65","6.2%","4","40","10.0%","0","25","0.0%","1","2","50.0%","2","3","66.7%","2","12","16.7%","0.0","0.0"
"507","Erik Ezukanma","MIA","WR","2","8","133","6.0%","5","56","8.9%","3","77","3.9%","0","4","0.0%","0","5","0.0%","0","13","0.0%","0.7","1.3"
"508","Benny Snell","PIT","RB","10","39","655","6.0%","22","277","7.9%","17","378","4.5%","3","27","11.1%","3","46","6.5%","5","82","6.1%","1.9","18.7"
"509","Miller Forristall","CLV","TE","4","16","273","5.9%","7","134","5.2%","9","139","6.5%","0","13","0.0%","3","22","13.6%","5","45","11.1%","0.0","0.0"
"510","Dwayne Washington","NO","RB","11","39","669","5.8%","29","260","11.2%","10","409","2.4%","0","13","0.0%","1","31","3.2%","4","86","4.7%","0.5","5.5"
"511","D'Ernest Johnson","CLV","RB","9","33","577","5.7%","10","253","4.0%","23","324","7.1%","0","20","0.0%","2","38","5.3%","7","87","8.0%","0.6","5.4"
"512","Devine Ozigbo","DEN","RB","3","11","195","5.6%","5","77","6.5%","6","118","5.1%","0","6","0.0%","0","14","0.0%","1","28","3.6%","0.6","1.7"
"513","Kavontae Turpin","DAL","WR","17","62","1114","5.6%","36","514","7.0%","26","600","4.3%","3","41","7.3%","4","80","5.0%","9","155","5.8%","0.1","1.6"
"514","Rashard Higgins","CAR","WR","2","6","110","5.5%","2","44","4.5%","4","66","6.1%","0","0","0.0%","0","0","0.0%","2","5","40.0%","0.0","0.0"
"515","Trey Sermon","PHI","RB","2","8","148","5.4%","3","79","3.8%","5","69","7.2%","0","9","0.0%","0","17","0.0%","2","37","5.4%","1.0","1.9"
"516","Feleipe Franks","ATL","TE","6","19","362","5.2%","11","188","5.9%","8","174","4.6%","0","17","0.0%","0","28","0.0%","3","61","4.9%","0.0","0.0"
"517","Kenny Yeboah","NYJ","TE","8","25","483","5.2%","19","179","10.6%","6","304","2.0%","1","9","11.1%","1","19","5.3%","2","56","3.6%","0.0","0.0"
"518","Stanley Berryhill","DET","WR","2","6","122","4.9%","5","66","7.6%","1","56","1.8%","0","13","0.0%","0","16","0.0%","1","27","3.7%","0.0","0.0"
"519","Jacob Hollister","MIN, LV","TE","3","9","185","4.9%","6","90","6.7%","3","95","3.2%","2","6","33.3%","2","13","15.4%","2","27","7.4%","0.0","0.0"
"520","Reggie Bonnafon","WAS","RB","1","3","63","4.8%","3","38","7.9%","0","25","0.0%","0","2","0.0%","0","8","0.0%","0","18","0.0%","0.8","0.8"
"521","Marcus Kemp","KC","WR","3","10","211","4.7%","7","58","12.1%","3","153","2.0%","0","4","0.0%","1","9","11.1%","1","32","3.1%","0.0","0.0"
"522","Zamir White","LV","RB","12","35","748","4.7%","22","304","7.2%","13","444","2.9%","0","20","0.0%","0","39","0.0%","3","85","3.5%","0.6","7.0"
"523","D.J. Turner","LV","WR","8","21","488","4.3%","13","209","6.2%","8","279","2.9%","0","7","0.0%","0","19","0.0%","3","46","6.5%","0.3","2.6"
"524","Jordan Howard","NO","RB","2","4","94","4.3%","1","28","3.6%","3","66","4.5%","0","0","0.0%","0","1","0.0%","0","7","0.0%","0.1","0.1"
"525","Ty'Son Williams","ARZ","RB","1","2","50","4.0%","0","19","0.0%","2","31","6.5%","0","1","0.0%","0","3","0.0%","0","4","0.0%","1.5","1.5"
"526","Jonathan Ward","TEN, ARZ","RB","4","10","258","3.9%","5","109","4.6%","5","149","3.4%","0","1","0.0%","0","8","0.0%","1","18","5.6%","1.3","5.2"
"527","Kaylon Geiger","TB","WR","2","5","134","3.7%","4","37","10.8%","1","97","1.0%","0","5","0.0%","0","10","0.0%","3","18","16.7%","0.0","0.0"
"528","Tyler Mabry","SEA","TE","2","5","141","3.5%","3","68","4.4%","2","73","2.7%","0","5","0.0%","1","10","10.0%","2","26","7.7%","3.9","7.7"
"529","Preston Williams","CAR","WR","1","2","58","3.4%","1","38","2.6%","1","20","5.0%","0","1","0.0%","0","3","0.0%","0","6","0.0%","0.0","0.0"
"530","Chase Allen","CHI","TE","1","2","59","3.4%","1","26","3.8%","1","33","3.0%","0","0","0.0%","0","2","0.0%","0","10","0.0%","0.0","0.0"
"531","Alex Armah","WAS","RB","2","4","133","3.0%","3","64","4.7%","1","69","1.4%","0","3","0.0%","0","9","0.0%","0","19","0.0%","0.0","0.0"
"532","Antonio Williams","NYG","RB","1","2","70","2.9%","2","27","7.4%","0","43","0.0%","0","2","0.0%","0","3","0.0%","0","8","0.0%","0.0","0.0"
"533","Cornell Powell","KC","WR","1","2","72","2.8%","0","26","0.0%","2","46","4.3%","0","8","0.0%","0","16","0.0%","0","28","0.0%","0.0","0.0"
"534","Rico Dowdle","DAL","RB","4","6","237","2.5%","5","108","4.6%","1","129","0.8%","0","5","0.0%","0","10","0.0%","0","19","0.0%","0.0","0.0"
"535","Chris Evans","CIN","RB","11","17","691","2.5%","1","254","0.4%","16","437","3.7%","0","40","0.0%","1","65","1.5%","2","123","1.6%","1.2","12.8"
"536","Matt Slater","NE","WR","12","15","723","2.1%","12","301","4.0%","3","422","0.7%","0","26","0.0%","0","44","0.0%","4","98","4.1%","0.0","0.0"
"537","Kene Nwangwu","MIN","RB","14","18","924","1.9%","9","327","2.8%","9","597","1.5%","0","50","0.0%","1","98","1.0%","1","163","0.6%","0.4","5.5"
"538","Roger Carter","LA","TE","1","1","55","1.8%","1","25","4.0%","0","30","0.0%","0","0","0.0%","0","1","0.0%","0","4","0.0%","0.0","0.0"
"539","Jared Pinkney","LA","TE","3","3","167","1.8%","2","71","2.8%","1","96","1.0%","0","4","0.0%","0","8","0.0%","0","17","0.0%","0.0","0.0"
"540","Brandon Zylstra","DET","WR","1","1","57","1.8%","1","31","3.2%","0","26","0.0%","0","5","0.0%","0","8","0.0%","0","13","0.0%","0.0","0.0"
"541","Cethan Carter","MIA","TE","1","1","59","1.7%","1","23","4.3%","0","36","0.0%","0","0","0.0%","0","0","0.0%","0","5","0.0%","0.0","0.0"
"542","Ethan Fernea","IND","WR","1","1","64","1.6%","0","16","0.0%","1","48","2.1%","0","1","0.0%","0","2","0.0%","0","5","0.0%","0.0","0.0"
"543","Jerome Ford","CLV","RB","13","13","859","1.5%","13","385","3.4%","0","474","0.0%","0","26","0.0%","0","54","0.0%","0","126","0.0%","0.1","1.2"
"544","Britain Covey","PHI","WR","17","17","1124","1.5%","13","499","2.6%","4","625","0.6%","1","55","1.8%","1","98","1.0%","2","191","1.0%","0.0","0.0"
"545","Kylin Hill","GB","RB","1","1","69","1.4%","1","22","4.5%","0","47","0.0%","0","5","0.0%","0","6","0.0%","0","13","0.0%","0.7","0.7"
"546","Maurice Alexander","DET","WR","4","3","243","1.2%","1","91","1.1%","2","152","1.3%","0","14","0.0%","0","22","0.0%","0","29","0.0%","0.4","1.7"
"547","Godwin Igwebuike","SEA","RB","5","4","328","1.2%","3","121","2.5%","1","207","0.5%","0","8","0.0%","0","18","0.0%","0","45","0.0%","0.3","1.7"
"548","Qadree Ollison","DAL","RB","3","2","210","1.0%","2","90","2.2%","0","120","0.0%","0","6","0.0%","0","15","0.0%","0","30","0.0%","0.0","0.0"
"549","Tay Martin","SF","WR","2","1","114","0.9%","0","50","0.0%","1","64","1.6%","0","6","0.0%","0","12","0.0%","0","23","0.0%","0.0","0.0"
"550","Keke Coutee","IND","WR","7","3","427","0.7%","0","157","0.0%","3","270","1.1%","0","19","0.0%","0","37","0.0%","0","65","0.0%","0.3","2.0"
"551","Jacob Harris","LA","WR","3","1","163","0.6%","0","70","0.0%","1","93","1.1%","0","5","0.0%","0","7","0.0%","0","19","0.0%","0.5","1.6"
"552","Malik Turner","SF","WR","3","1","177","0.6%","1","83","1.2%","0","94","0.0%","0","12","0.0%","0","18","0.0%","0","24","0.0%","0.0","0.0"
"553","Raleigh Webb","BLT, NE","WR","4","1","233","0.4%","0","99","0.0%","1","134","0.7%","0","9","0.0%","0","9","0.0%","0","28","0.0%","0.0","0.0"
"554","Taiwan Jones","BUF","RB","7","1","418","0.2%","0","156","0.0%","1","262","0.4%","0","14","0.0%","0","21","0.0%","1","64","1.6%","-0.1","-1.0"