"Rank","Name","Team","POS","G","ATT","YDS","RuYDS/G","YPC","TD","FUM","1D","EXP RUN %","EXP YDS","EXP YDS %","i5 %","TD RATE","STUFF %","1+ %","3+ %","5+ %","10+ %","20+ %","30+ %","MTF","MTF/ATT","YACO","YACO/ATT","YACO %","YBCO/ATT","ATT","ATT %","YDS","TD","YPC","Success Rate","ATT","ATT %","YDS","TD","YPC","Success Rate","FP/G","FP","XFP","XFP/G"
"1","Jonathan Taylor","IND","RB","17","332","1811","106.5","5.45","18","3","107","6.9%","700","38.7%","81.1%","5.4%","41.0%","81.0%","60.5%","38.3%","15.1%","4.2%","2.4%","66","0.20","1150","3.46","63.5%","1.99","215","64.8%","1235","12","5.74","57.7%","112","33.7%","503","6","4.49","49.1%","22.1","375.1","313.7","18.5"
"2","Nick Chubb","CLV","RB","14","228","1259","89.9","5.52","8","2","61","7.5%","454","36.1%","55.0%","3.5%","45.2%","86.0%","58.8%","39.5%","18.0%","5.3%","1.8%","57","0.25","864","3.79","68.6%","1.73","85","37.3%","447","3","5.26","43.5%","142","62.3%","812","5","5.72","52.8%","15.5","216.3","184.9","13.2"
"3","Joe Mixon","CIN","RB","16","292","1205","75.3","4.13","13","1","60","4.1%","256","21.2%","71.4%","4.5%","46.9%","84.6%","56.8%","34.2%","8.9%","2.1%","0.3%","52","0.18","858","2.94","71.2%","1.19","188","64.4%","801","6","4.26","49.5%","104","35.6%","404","7","3.88","51.0%","18.1","288.9","266.3","16.6"
"4","Najee Harris","PIT","RB","17","307","1200","70.6","3.91","7","0","62","2.9%","202","16.8%","64.7%","2.3%","48.9%","83.4%","56.4%","31.9%","9.1%","2.0%","0.7%","70","0.23","901","2.93","75.1%","0.97","177","57.7%","790","2","4.46","50.8%","127","41.4%","395","5","3.11","43.3%","17.7","300.7","333.3","19.6"
"5","Dalvin Cook","MIN","RB","13","249","1159","89.2","4.65","6","3","57","7.6%","436","37.6%","88.2%","2.4%","46.0%","75.5%","56.2%","34.5%","14.5%","3.6%","1.2%","49","0.20","639","2.57","55.1%","2.09","173","69.5%","775","2","4.48","45.7%","74","29.7%","380","4","5.14","47.3%","16.0","208.3","216.5","16.7"
"6","Antonio Gibson","WAS","RB","16","258","1037","64.8","4.02","7","5","65","4.7%","225","21.7%","60.7%","2.7%","38.4%","82.6%","58.9%","37.2%","9.3%","1.6%","0.0%","35","0.14","655","2.54","63.2%","1.35","182","70.5%","798","7","4.38","51.1%","73","28.3%","242","0","3.32","38.4%","14.6","233.1","217.8","13.6"
"7","Ezekiel Elliott","DAL","RB","17","237","1002","58.9","4.23","10","1","55","2.5%","147","14.7%","60.9%","4.2%","40.9%","85.7%","59.9%","34.6%","10.1%","1.3%","0.4%","30","0.13","632","2.67","63.1%","1.56","137","57.8%","544","4","3.97","51.1%","95","40.1%","444","5","4.67","51.6%","14.9","253.1","260.7","15.3"
"8","Elijah Mitchell","SF","RB","11","207","963","87.5","4.65","5","0","47","3.9%","220","22.8%","41.7%","2.4%","46.9%","82.1%","55.1%","38.2%","14.0%","2.9%","1.4%","37","0.18","667","3.22","69.3%","1.43","138","66.7%","754","4","5.46","52.9%","69","33.3%","209","1","3.03","43.5%","15.0","165.0","141.8","12.9"
"9","Derrick Henry","TEN","RB","8","219","937","117.1","4.28","10","1","49","4.1%","264","28.2%","75.0%","4.6%","48.9%","81.7%","52.5%","28.3%","9.1%","1.4%","0.9%","44","0.20","695","3.17","74.2%","1.11","122","55.7%","450","5","3.69","41.8%","97","44.3%","487","5","5.02","48.5%","24.2","193.3","174.3","21.8"
"10","Damien Harris","NE","RB","15","202","929","61.9","4.60","15","2","55","5.9%","317","34.1%","72.7%","7.4%","42.6%","84.2%","56.9%","35.6%","10.9%","4.0%","2.0%","37","0.18","492","2.44","53.0%","2.16","42","20.8%","170","2","4.05","50.0%","158","78.2%","743","12","4.70","55.1%","14.1","212.1","169.2","11.3"
"11","Melvin Gordon","DEN","RB","16","203","918","57.4","4.52","8","3","48","3.0%","193","21.0%","44.0%","3.9%","44.3%","84.7%","55.2%","36.9%","11.3%","1.5%","1.0%","39","0.19","554","2.73","60.3%","1.79","126","62.1%","495","2","3.93","53.2%","76","37.4%","421","6","5.54","57.9%","12.4","198.1","188.2","11.8"
"12","Austin Ekeler","LAC","RB","16","206","911","56.9","4.42","12","0","53","4.4%","165","18.1%","57.1%","5.8%","42.7%","85.0%","58.7%","39.3%","10.7%","1.5%","0.0%","30","0.15","589","2.86","64.7%","1.56","109","52.9%","516","4","4.73","57.8%","97","47.1%","395","8","4.07","53.6%","21.7","346.8","282.4","17.6"
"13","Javonte Williams","DEN","RB","17","203","903","53.1","4.45","4","2","52","4.4%","228","25.2%","40.0%","2.0%","47.8%","79.8%","56.7%","37.4%","12.3%","3.0%","2.0%","56","0.28","662","3.26","73.3%","1.19","99","48.8%","397","3","4.01","46.5%","100","49.3%","499","1","4.99","47.0%","12.1","205.9","214.2","12.6"
"14","Alvin Kamara","NO","RB","13","240","898","69.1","3.74","4","0","42","2.5%","130","14.5%","73.3%","1.7%","53.3%","80.8%","54.6%","32.5%","8.8%","1.3%","0.4%","53","0.22","629","2.62","70.0%","1.12","131","54.6%","510","2","3.89","40.5%","106","44.2%","372","1","3.51","40.6%","18.1","234.7","250.0","19.2"
"15","Josh Jacobs","LV","RB","15","217","872","58.1","4.02","9","2","45","3.2%","134","15.4%","68.4%","4.1%","39.6%","84.3%","60.4%","36.4%","9.7%","0.9%","0.0%","49","0.23","564","2.60","64.7%","1.33","151","69.6%","664","5","4.40","52.3%","63","29.0%","199","4","3.16","44.4%","15.2","228.0","218.0","14.5"
"16","Devin Singletary","BUF","RB","17","188","870","51.2","4.63","7","2","44","6.9%","291","33.4%","36.4%","3.7%","45.7%","86.2%","59.6%","33.0%","10.6%","3.2%","1.1%","41","0.22","552","2.94","63.4%","1.69","96","51.1%","394","4","4.10","45.8%","90","47.9%","447","3","4.97","47.8%","11.6","197.8","187.7","11.0"
"17","David Montgomery","CHI","RB","13","225","849","65.3","3.77","7","1","55","3.1%","162","19.1%","72.2%","3.1%","49.3%","80.0%","52.9%","28.0%","9.3%","2.2%","0.4%","34","0.15","575","2.56","67.7%","1.20","166","73.8%","659","5","3.97","48.8%","58","25.8%","188","2","3.24","41.4%","15.2","197.0","217.8","16.8"
"18","Sony Michel","LA","RB","17","208","845","49.7","4.06","4","1","49","3.8%","161","19.1%","41.2%","1.9%","45.2%","81.3%","54.8%","33.7%","10.1%","1.0%","0.5%","30","0.14","551","2.65","65.2%","1.41","134","64.4%","521","2","3.89","50.7%","74","35.6%","324","2","4.38","52.7%","8.7","147.3","175.8","10.3"
"19","Leonard Fournette","TB","RB","14","180","812","58.0","4.51","8","0","45","3.9%","169","20.8%","60.9%","4.4%","41.7%","87.8%","63.3%","36.7%","8.3%","2.8%","0.6%","31","0.17","552","3.07","68.0%","1.44","59","32.8%","189","0","3.20","35.6%","119","66.1%","619","8","5.20","67.2%","18.3","255.6","253.5","18.1"
"20","A.J. Dillon","GB","RB","17","187","803","47.2","4.29","5","1","50","2.1%","93","11.6%","45.8%","2.7%","33.2%","88.8%","64.7%","40.1%","4.8%","1.1%","0.5%","27","0.14","572","3.06","71.2%","1.11","127","67.9%","500","2","3.94","53.5%","58","31.0%","292","3","5.03","56.9%","11.0","186.6","160.2","9.4"
"21","Aaron Jones","GB","RB","15","171","799","53.3","4.67","4","1","37","4.7%","213","26.7%","36.4%","2.3%","42.7%","84.2%","63.2%","38.0%","9.4%","2.9%","0.6%","41","0.24","523","3.06","65.5%","1.44","119","69.6%","574","2","4.82","47.1%","50","29.2%","214","2","4.28","46.0%","15.3","230.0","198.8","13.3"
"22","James Robinson","JAX","RB","14","164","767","54.8","4.68","8","2","41","4.3%","174","22.7%","50.0%","4.9%","43.3%","84.8%","60.4%","37.2%","11.6%","2.4%","0.6%","33","0.20","534","3.26","69.6%","1.42","94","57.3%","443","2","4.71","52.1%","70","42.7%","324","6","4.63","47.1%","12.6","175.9","179.8","12.8"
"23","Miles Sanders","PHI","RB","12","137","754","62.8","5.50","0","1","33","8.0%","264","35.0%","25.0%","0.0%","36.5%","88.3%","67.9%","42.3%","14.6%","5.1%","1.5%","26","0.19","353","2.58","46.8%","2.93","80","58.4%","424","0","5.30","58.8%","56","40.9%","334","0","5.96","60.7%","9.9","118.2","130.6","10.9"
"24","James Conner","ARZ","RB","15","202","752","50.1","3.72","15","2","53","3.5%","148","19.7%","66.7%","7.4%","47.5%","82.7%","51.0%","29.7%","7.4%","1.5%","0.5%","46","0.23","546","2.70","72.6%","1.02","123","60.9%","464","11","3.77","54.5%","76","37.6%","278","4","3.66","40.8%","17.2","257.7","204.5","13.6"
"25","Rashaad Penny","SEA","RB","10","119","749","74.9","6.29","6","0","28","10.9%","392","52.3%","26.7%","5.0%","48.7%","82.4%","61.3%","39.5%","16.0%","9.2%","5.0%","27","0.23","529","4.45","70.6%","1.85","74","62.2%","472","4","6.38","50.0%","45","37.8%","277","2","6.16","40.0%","12.2","121.7","83.1","8.3"
"26","Tony Pollard","DAL","RB","15","130","719","47.9","5.53","2","0","35","6.9%","223","31.0%","9.1%","1.5%","40.8%","90.0%","67.7%","43.1%","13.1%","3.1%","1.5%","23","0.18","495","3.81","68.8%","1.72","67","51.5%","341","0","5.09","52.2%","57","43.8%","348","1","6.11","52.6%","10.4","156.6","138.9","9.3"
"27","Darrell Henderson","LA","RB","12","149","688","57.3","4.62","5","0","39","5.4%","141","20.5%","69.2%","3.4%","39.6%","83.9%","65.8%","40.3%","13.4%","0.7%","0.0%","24","0.16","368","2.47","53.5%","2.15","109","73.2%","452","3","4.15","55.0%","40","26.8%","236","2","5.90","62.5%","13.6","163.4","162.3","13.5"
"28","Michael Carter","NYJ","RB","14","147","639","45.6","4.35","4","0","29","3.4%","166","26.0%","37.5%","2.7%","44.9%","81.6%","58.5%","35.4%","8.8%","2.0%","2.0%","37","0.25","469","3.19","73.4%","1.16","91","61.9%","371","2","4.08","53.8%","56","38.1%","268","2","4.79","48.2%","11.1","155.4","176.1","12.6"
"29","Cordarrelle Patterson","ATL","RB","16","153","618","38.6","4.04","6","1","29","2.0%","85","13.8%","46.7%","3.9%","54.2%","78.4%","52.9%","30.7%","13.1%","1.3%","0.7%","15","0.10","401","2.62","64.9%","1.42","115","75.2%","453","4","3.94","44.3%","37","24.2%","163","2","4.41","40.5%","14.7","234.6","196.2","12.3"
"30","D'Andre Swift","DET","RB","13","151","617","47.5","4.09","5","0","28","5.3%","190","30.8%","50.0%","3.3%","54.3%","78.1%","49.0%","29.1%","13.9%","2.0%","1.3%","25","0.17","347","2.30","56.2%","1.79","70","46.4%","296","4","4.23","40.0%","79","52.3%","302","1","3.82","31.6%","16.1","209.9","216.4","16.6"
"31","Myles Gaskin","MIA","RB","17","173","612","36.0","3.54","3","2","25","4.0%","129","21.1%","30.8%","1.7%","51.4%","79.8%","53.8%","27.7%","6.9%","1.2%","0.6%","23","0.13","361","2.09","59.0%","1.45","85","49.1%","276","2","3.25","44.7%","87","50.3%","336","1","3.86","39.1%","10.3","174.6","212.1","12.5"
"32","Chuba Hubbard","CAR","RB","17","172","612","36.0","3.56","5","1","36","4.1%","135","22.1%","23.8%","2.9%","52.3%","79.1%","48.3%","32.6%","7.6%","1.7%","0.0%","28","0.16","447","2.60","73.0%","0.96","97","56.4%","362","2","3.73","46.4%","75","43.6%","250","3","3.33","38.7%","8.2","138.6","146.5","8.6"
"33","Rhamondre Stevenson","NE","RB","12","133","606","50.5","4.56","5","1","33","3.8%","89","14.7%","35.3%","3.8%","38.3%","84.2%","62.4%","40.6%","15.0%","0.8%","0.0%","38","0.29","446","3.35","73.6%","1.20","22","16.5%","84","1","3.82","59.1%","111","83.5%","522","4","4.70","57.7%","9.7","115.9","114.2","9.5"
"34","Jamaal Williams","DET","RB","13","153","601","46.2","3.93","3","1","42","1.3%","39","6.5%","38.5%","2.0%","43.8%","87.6%","58.8%","33.3%","8.5%","0.7%","0.0%","17","0.11","376","2.46","62.6%","1.47","71","46.4%","306","0","4.31","52.1%","79","51.6%","288","3","3.65","54.4%","9.2","119.8","133.0","10.2"
"35","Devontae Booker","NYG","RB","16","145","593","37.1","4.09","2","0","31","4.1%","131","22.1%","41.7%","1.4%","45.5%","82.1%","55.2%","34.5%","9.7%","2.1%","0.7%","14","0.10","367","2.53","61.9%","1.56","51","35.2%","204","0","4.00","47.1%","94","64.8%","389","2","4.14","42.6%","9.0","144.1","155.0","9.7"
"36","Saquon Barkley","NYG","RB","13","162","593","45.6","3.66","2","1","27","3.1%","128","21.6%","30.0%","1.2%","51.9%","79.0%","52.5%","35.2%","5.6%","1.9%","1.2%","25","0.15","424","2.62","71.5%","1.04","74","45.7%","243","1","3.28","40.5%","88","54.3%","350","1","3.98","43.2%","11.5","149.6","175.9","13.5"
"37","Chase Edmonds","ARZ","RB","12","116","592","49.3","5.10","2","0","32","5.2%","168","28.4%","26.3%","1.7%","44.0%","85.3%","56.9%","37.9%","15.5%","2.6%","1.7%","16","0.14","313","2.70","52.9%","2.41","72","62.1%","366","1","5.08","55.6%","44","37.9%","226","1","5.14","59.1%","12.0","144.3","149.0","12.4"
"38","Devonta Freeman","BLT","RB","16","133","576","36.0","4.33","5","0","31","5.3%","159","27.6%","29.2%","3.8%","39.1%","83.5%","63.2%","36.8%","8.3%","3.0%","1.5%","28","0.21","304","2.29","52.8%","2.05","62","46.6%","260","1","4.19","58.1%","69","51.9%","310","4","4.49","59.4%","9.2","146.6","143.0","8.9"
"39","D'Onta Foreman","TEN","RB","9","133","566","62.9","4.26","3","2","22","3.8%","122","21.6%","42.9%","2.3%","46.6%","83.5%","58.6%","31.6%","8.3%","3.0%","1.5%","25","0.19","380","2.86","67.1%","1.40","94","70.7%","387","3","4.12","47.9%","39","29.3%","179","0","4.59","51.3%","10.5","94.9","96.9","10.8"
"40","Darrel Williams","KC","RB","17","144","558","32.8","3.88","6","0","40","1.4%","40","7.2%","56.0%","4.2%","39.6%","81.3%","58.3%","35.4%","9.0%","0.7%","0.0%","17","0.12","284","1.97","50.9%","1.90","83","57.6%","280","1","3.37","48.2%","59","41.0%","266","5","4.51","67.8%","11.5","196.0","192.9","11.3"
"41","Mark Ingram","NO, HST","RB","14","160","554","39.6","3.46","2","1","22","1.3%","52","9.4%","58.3%","1.3%","53.8%","84.4%","53.8%","25.6%","5.6%","1.3%","0.0%","21","0.13","440","2.75","79.4%","0.71","78","48.8%","243","0","3.12","38.5%","81","50.6%","310","2","3.83","39.5%","7.8","109.6","144.2","10.3"
"42","D'Ernest Johnson","CLV","RB","15","100","534","35.6","5.34","3","0","24","6.0%","130","24.3%","13.3%","3.0%","38.0%","87.0%","70.0%","47.0%","16.0%","4.0%","1.0%","31","0.31","353","3.53","66.1%","1.81","39","39.0%","233","2","5.97","56.4%","60","60.0%","298","1","4.97","48.3%","6.9","104.1","100.0","6.7"
"43","Clyde Edwards-Helaire","KC","RB","10","119","517","51.7","4.34","4","2","21","2.5%","48","9.3%","25.0%","3.4%","33.6%","89.1%","70.6%","40.3%","7.6%","0.0%","0.0%","20","0.17","278","2.34","53.8%","2.01","88","73.9%","410","2","4.66","59.1%","30","25.2%","104","2","3.47","50.0%","12.0","119.6","102.1","10.2"
"44","Mike Davis","ATL","RB","17","138","503","29.6","3.64","3","2","21","2.2%","52","10.3%","26.7%","2.2%","50.7%","84.1%","57.2%","31.9%","8.0%","0.0%","0.0%","23","0.17","336","2.43","66.8%","1.21","103","74.6%","380","2","3.69","41.7%","35","25.4%","123","1","3.51","42.9%","8.3","141.2","173.5","10.2"
"45","Latavius Murray","BLT","RB","14","119","501","35.8","4.21","6","0","36","3.4%","111","22.2%","30.0%","5.0%","42.0%","85.7%","61.3%","34.5%","7.6%","2.5%","0.8%","19","0.16","315","2.65","62.9%","1.56","55","46.2%","189","3","3.44","58.2%","63","52.9%","312","3","4.95","58.7%","7.4","103.6","91.5","6.5"
"46","Alexander Mattison","MIN","RB","16","134","491","30.7","3.66","3","1","28","3.0%","105","21.4%","18.2%","2.2%","53.0%","79.9%","50.0%","30.6%","7.5%","1.5%","0.7%","27","0.20","356","2.66","72.5%","1.01","99","73.9%","401","1","4.05","46.5%","35","26.1%","90","2","2.57","37.1%","7.9","126.9","130.0","8.1"
"47","Christian McCaffrey","CAR","RB","7","99","442","63.1","4.46","1","1","19","6.1%","94","21.3%","21.4%","1.0%","43.4%","80.8%","62.6%","36.4%","15.2%","0.0%","0.0%","17","0.17","261","2.64","59.0%","1.83","49","49.5%","194","0","3.96","46.9%","49","49.5%","233","1","4.76","53.1%","18.2","127.5","123.2","17.6"
"48","Khalil Herbert","CHI","RB","16","103","433","27.1","4.20","2","0","24","3.9%","96","22.2%","12.0%","1.9%","44.7%","80.6%","56.3%","34.0%","8.7%","3.9%","0.0%","20","0.19","275","2.67","63.5%","1.53","85","82.5%","368","2","4.33","52.9%","18","17.5%","65","0","3.61","38.9%","4.9","78.9","84.6","5.3"
"49","Ronald Jones","TB","RB","16","101","428","26.8","4.24","4","2","25","3.0%","65","15.2%","20.8%","4.0%","37.6%","84.2%","66.3%","37.6%","7.9%","1.0%","1.0%","17","0.17","243","2.41","56.8%","1.83","24","23.8%","65","0","2.71","41.7%","77","76.2%","363","4","4.71","68.8%","5.1","81.2","81.8","5.1"
"50","Rex Burkhead","HST","RB","16","122","427","26.7","3.50","3","1","30","2.5%","76","17.8%","53.3%","2.5%","49.2%","80.3%","51.6%","27.9%","5.7%","1.6%","0.8%","13","0.11","304","2.49","71.2%","1.01","40","32.8%","137","2","3.43","42.5%","82","67.2%","290","1","3.54","45.1%","6.5","104.3","127.5","8.0"
"51","Alex Collins","SEA","RB","11","108","411","37.4","3.81","2","0","22","1.9%","46","11.2%","40.0%","1.9%","46.3%","77.8%","58.3%","35.2%","8.3%","1.9%","0.0%","20","0.19","259","2.40","63.0%","1.41","87","80.6%","320","2","3.68","51.7%","21","19.4%","91","0","4.33","47.6%","6.3","69.8","73.4","6.7"
"52","Jordan Howard","PHI","RB","7","86","406","58.0","4.72","3","0","24","5.8%","91","22.4%","29.6%","3.5%","30.2%","87.2%","70.9%","40.7%","10.5%","1.2%","0.0%","17","0.20","265","3.08","65.3%","1.64","67","77.9%","291","3","4.34","59.7%","19","22.1%","115","0","6.05","73.7%","8.9","62.5","59.5","8.5"
"53","Kareem Hunt","CLV","RB","8","78","386","48.3","4.95","5","0","22","6.4%","113","29.3%","28.6%","6.4%","41.0%","83.3%","59.0%","41.0%","15.4%","2.6%","1.3%","14","0.18","267","3.42","69.2%","1.53","26","33.3%","102","0","3.92","46.2%","52","66.7%","284","5","5.46","48.1%","13.8","110.0","92.7","11.6"
"54","Boston Scott","PHI","RB","11","87","373","33.9","4.29","7","1","24","4.6%","80","21.4%","40.0%","8.0%","36.8%","88.5%","65.5%","34.5%","8.0%","2.3%","0.0%","13","0.15","219","2.52","58.7%","1.77","55","63.2%","242","6","4.40","63.6%","32","36.8%","131","1","4.09","43.8%","9.1","99.6","96.1","8.7"
"55","Justin Jackson","LAC","RB","14","68","364","26.0","5.35","2","1","18","7.4%","144","39.6%","8.7%","2.9%","47.1%","86.8%","55.9%","39.7%","10.3%","2.9%","1.5%","7","0.10","217","3.19","59.6%","2.16","41","60.3%","248","2","6.05","61.0%","27","39.7%","116","0","4.30","33.3%","6.2","87.2","73.8","5.3"
"56","Tevin Coleman","NYJ","RB","11","84","356","32.4","4.24","0","0","19","7.1%","103","28.9%","25.0%","0.0%","44.0%","82.1%","56.0%","36.9%","11.9%","1.2%","0.0%","14","0.17","216","2.57","60.7%","1.67","44","52.4%","192","0","4.36","56.8%","39","46.4%","159","0","4.08","48.7%","4.7","51.5","80.1","7.3"
"57","Dontrell Hilliard","TEN","RB","8","56","350","43.8","6.25","2","1","15","10.7%","171","48.9%","12.5%","3.6%","42.9%","83.9%","62.5%","37.5%","19.6%","3.6%","3.6%","11","0.20","217","3.88","62.0%","2.38","32","57.1%","132","0","4.13","37.5%","22","39.3%","216","2","9.82","59.1%","9.2","73.7","65.0","8.1"
"58","Zack Moss","BUF","RB","13","96","345","26.5","3.59","4","0","22","1.0%","17","4.9%","23.8%","4.2%","43.8%","80.2%","59.4%","35.4%","5.2%","0.0%","0.0%","22","0.23","219","2.28","63.5%","1.31","46","47.9%","170","1","3.70","54.3%","50","52.1%","175","3","3.50","44.0%","8.2","106.2","114.8","8.8"
"59","Duke Johnson","MIA","RB","5","71","330","66.0","4.65","3","0","18","2.8%","43","13.0%","44.4%","4.2%","39.4%","85.9%","66.2%","38.0%","15.5%","1.4%","0.0%","13","0.18","242","3.41","73.3%","1.24","21","29.6%","90","1","4.29","42.9%","50","70.4%","240","2","4.80","52.0%","11.8","59.1","56.8","11.4"
"60","Jeffery Wilson","SF","RB","9","79","294","32.7","3.72","2","1","19","2.5%","33","11.2%","50.0%","2.5%","46.8%","86.1%","59.5%","30.4%","7.6%","0.0%","0.0%","11","0.14","208","2.63","70.7%","1.09","56","70.9%","227","0","4.05","50.0%","23","29.1%","67","2","2.91","52.2%","5.7","51.5","65.7","7.3"
"61","Kenneth Gainwell","PHI","RB","16","68","291","18.2","4.28","5","1","19","2.9%","36","12.4%","7.7%","7.4%","41.2%","88.2%","61.8%","36.8%","10.3%","0.0%","0.0%","17","0.25","189","2.78","64.9%","1.50","44","64.7%","184","4","4.18","56.8%","22","32.4%","78","0","3.55","31.8%","7.8","124.4","117.6","7.3"
"62","Nyheim Hines","IND","RB","17","56","276","16.2","4.93","2","0","15","5.4%","78","28.3%","0.0%","3.6%","41.1%","85.7%","62.5%","37.5%","10.7%","3.6%","1.8%","12","0.21","130","2.32","47.1%","2.61","29","51.8%","129","1","4.45","44.8%","22","39.3%","92","0","4.18","45.5%","6.7","114.6","118.3","7.0"
"63","Jaret Patterson","WAS","RB","16","68","266","16.6","3.91","2","1","15","0.0%","0","0.0%","3.7%","2.9%","36.8%","85.3%","64.7%","33.8%","8.8%","0.0%","0.0%","7","0.10","157","2.31","59.0%","1.57","49","72.1%","203","2","4.14","53.1%","19","27.9%","63","0","3.32","42.1%","3.5","55.9","51.4","3.2"
"64","Derrick Gore","KC","RB","9","51","256","28.4","5.02","2","0","12","3.9%","74","28.9%","13.3%","3.9%","35.3%","82.4%","66.7%","39.2%","9.8%","3.9%","2.0%","11","0.22","173","3.39","67.6%","1.63","26","51.0%","93","0","3.58","61.5%","25","49.0%","163","2","6.52","60.0%","6.2","56.1","44.8","5.0"
"65","Kenyan Drake","LV","RB","12","63","254","21.2","4.03","2","0","15","3.2%","39","15.4%","7.1%","3.2%","46.0%","90.5%","61.9%","30.2%","7.9%","1.6%","0.0%","10","0.16","176","2.79","69.3%","1.24","41","65.1%","199","2","4.85","58.5%","22","34.9%","55","0","2.50","18.2%","8.5","102.5","87.1","7.3"
"66","Carlos Hyde","JAX","RB","12","72","253","21.1","3.51","1","2","14","2.8%","33","13.0%","30.8%","1.4%","38.9%","79.2%","58.3%","30.6%","5.6%","0.0%","0.0%","9","0.13","156","2.17","61.7%","1.35","33","45.8%","124","0","3.76","54.5%","39","54.2%","129","1","3.31","43.6%","4.0","47.8","70.7","5.9"
"67","Phillip Lindsay","HST, MIA","RB","14","88","249","17.8","2.83","1","0","11","1.1%","35","14.1%","12.5%","1.1%","59.1%","81.8%","45.5%","21.6%","2.3%","1.1%","1.1%","8","0.09","185","2.10","74.3%","0.73","34","38.6%","112","0","3.29","38.2%","52","59.1%","133","0","2.56","36.5%","3.2","45.4","58.7","4.2"
"68","Samaje Perine","CIN","RB","15","55","246","16.4","4.47","1","0","11","5.5%","85","34.6%","0.0%","1.8%","47.3%","81.8%","47.3%","30.9%","12.7%","3.6%","1.8%","8","0.15","200","3.64","81.3%","0.84","35","63.6%","159","1","4.54","40.0%","19","34.5%","87","0","4.58","52.6%","5.5","83.2","75.9","5.1"
"69","Ty Johnson","NYJ","RB","16","61","238","14.9","3.90","2","1","13","4.9%","63","26.5%","21.4%","3.3%","55.7%","85.2%","44.3%","27.9%","11.5%","3.3%","0.0%","5","0.08","118","1.93","49.6%","1.97","35","57.4%","126","1","3.60","40.0%","26","42.6%","112","1","4.31","57.7%","7.4","118.0","127.2","7.9"
"70","Chris Carson","SEA","RB","4","54","232","58.0","4.30","3","1","11","3.7%","63","27.2%","100.0%","5.6%","40.7%","88.9%","55.6%","31.5%","3.7%","3.7%","3.7%","6","0.11","175","3.24","75.4%","1.06","31","57.4%","140","2","4.52","35.5%","22","40.7%","90","1","4.09","86.4%","12.3","49.1","40.4","10.1"
"71","Craig Reynolds","DET","RB","5","55","230","46.0","4.18","0","0","11","5.5%","78","33.9%","28.6%","0.0%","45.5%","76.4%","58.2%","38.2%","7.3%","3.6%","1.8%","12","0.22","205","3.73","89.1%","0.45","24","43.6%","78","0","3.25","41.7%","31","56.4%","152","0","4.90","45.2%","7.0","35.2","42.3","8.5"
"72","David Johnson","HST","RB","13","67","228","17.5","3.40","0","1","7","1.5%","15","6.6%","0.0%","0.0%","47.8%","88.1%","61.2%","26.9%","4.5%","0.0%","0.0%","10","0.15","155","2.31","68.0%","1.09","28","41.8%","71","0","2.54","28.6%","39","58.2%","157","0","4.03","38.5%","6.3","82.3","98.7","7.6"
"73","Brandon Bolden","NE","RB","16","44","226","14.1","5.14","1","1","12","13.6%","112","49.6%","8.3%","2.3%","43.2%","70.5%","54.5%","36.4%","22.7%","4.5%","0.0%","6","0.14","121","2.75","53.5%","2.39","4","9.1%","11","0","2.75","50.0%","38","86.4%","206","1","5.42","42.1%","7.8","124.1","99.9","6.2"
"74","Peyton Barber","LV","RB","9","55","212","23.6","3.85","2","2","12","5.5%","65","30.7%","42.9%","3.6%","52.7%","74.5%","54.5%","27.3%","10.9%","1.8%","0.0%","12","0.22","184","3.35","86.8%","0.51","25","45.5%","101","1","4.04","48.0%","30","54.5%","111","1","3.70","46.7%","5.5","49.9","51.2","5.7"
"75","J.D. McKissic","WAS","RB","11","48","212","19.3","4.42","2","0","14","2.1%","15","7.1%","15.0%","4.2%","37.5%","93.8%","60.4%","37.5%","12.5%","0.0%","0.0%","3","0.06","100","2.08","47.2%","2.33","32","66.7%","163","1","5.09","75.0%","16","33.3%","49","1","3.06","37.5%","11.6","127.9","105.7","9.6"
"76","Ty'Son Williams","BLT","RB","8","35","185","23.1","5.29","1","1","7","8.6%","71","38.4%","7.1%","2.9%","51.4%","82.9%","62.9%","37.1%","17.1%","5.7%","2.9%","8","0.23","98","2.80","53.0%","2.49","9","25.7%","51","0","5.67","55.6%","26","74.3%","134","1","5.15","42.3%","5.2","41.9","40.8","5.1"
"77","Ke'Shawn Vaughn","TB","RB","6","36","180","30.0","5.00","2","0","9","8.3%","87","48.3%","14.3%","5.6%","52.8%","77.8%","50.0%","30.6%","13.9%","2.8%","2.8%","14","0.39","145","4.03","80.6%","0.97","13","36.1%","38","0","2.92","46.2%","23","63.9%","142","2","6.17","52.2%","6.1","36.6","30.8","5.1"
"78","Travis Homer","SEA","RB","14","21","177","12.6","8.43","1","0","7","9.5%","99","55.9%","5.3%","4.8%","19.0%","95.2%","76.2%","38.1%","19.0%","9.5%","4.8%","5","0.24","68","3.24","38.4%","5.19","10","47.6%","29","0","2.90","60.0%","8","38.1%","67","0","8.38","37.5%","4.0","55.8","38.5","2.7"
"79","Royce Freeman","CAR, HST","RB","13","56","169","13.0","3.02","0","0","8","0.0%","0","0.0%","6.7%","0.0%","48.2%","78.6%","51.8%","30.4%","3.6%","0.0%","0.0%","5","0.09","144","2.57","85.2%","0.45","25","44.6%","50","0","2.00","36.0%","30","53.6%","117","0","3.90","50.0%","2.7","34.6","51.5","4.0"
"80","Trey Sermon","SF","RB","6","41","167","27.8","4.07","1","0","9","4.9%","31","18.6%","11.1%","2.4%","41.5%","82.9%","58.5%","41.5%","7.3%","0.0%","0.0%","7","0.17","95","2.32","56.9%","1.76","21","51.2%","84","0","4.00","57.1%","19","46.3%","79","1","4.16","52.6%","4.7","28.3","28.5","4.8"
"81","Ameer Abdullah","CAR, MIN","RB","17","51","166","9.8","3.25","0","0","8","3.9%","30","18.1%","7.1%","0.0%","43.1%","78.4%","52.9%","29.4%","5.9%","0.0%","0.0%","4","0.08","109","2.14","65.7%","1.12","31","60.8%","82","0","2.65","38.7%","19","37.3%","84","0","4.42","57.9%","5.3","89.5","106.2","6.2"
"82","Damien Williams","CHI","RB","12","40","164","13.7","4.10","2","0","11","2.5%","23","14.0%","22.2%","5.0%","45.0%","72.5%","57.5%","42.5%","10.0%","2.5%","0.0%","8","0.20","111","2.78","67.7%","1.33","28","70.0%","125","1","4.46","53.6%","11","27.5%","39","1","3.55","54.5%","5.1","60.7","57.1","4.8"
"83","Jeremy McNichols","TEN","RB","14","41","156","11.1","3.80","0","0","6","0.0%","0","0.0%","4.5%","0.0%","56.1%","82.9%","53.7%","36.6%","12.2%","0.0%","0.0%","5","0.12","98","2.39","62.8%","1.41","19","46.3%","78","0","4.11","47.4%","22","53.7%","78","0","3.55","36.4%","5.3","73.6","75.1","5.4"
"84","Salvon Ahmed","MIA","RB","13","54","149","11.5","2.76","0","0","8","1.9%","16","10.7%","0.0%","0.0%","57.4%","75.9%","48.1%","20.4%","5.6%","0.0%","0.0%","6","0.11","105","1.94","70.5%","0.81","35","64.8%","115","0","3.29","31.4%","19","35.2%","34","0","1.79","26.3%","3.0","38.6","53.2","4.1"
"85","Tony Jones","NO","RB","10","54","142","14.2","2.63","0","0","7","0.0%","0","0.0%","11.1%","0.0%","57.4%","75.9%","50.0%","24.1%","1.9%","0.0%","0.0%","4","0.07","121","2.24","85.2%","0.39","35","64.8%","89","0","2.54","34.3%","18","33.3%","50","0","2.78","38.9%","2.2","22.1","42.4","4.2"
"86","Corey Clement","DAL","RB","11","33","140","12.7","4.24","0","0","7","3.0%","38","27.1%","0.0%","0.0%","42.4%","84.8%","57.6%","36.4%","6.1%","3.0%","3.0%","3","0.09","83","2.52","59.3%","1.73","20","60.6%","58","0","2.90","35.0%","13","39.4%","82","0","6.31","53.8%","2.6","28.9","28.0","2.5"
"87","DeeJay Dallas","SEA","RB","17","33","138","8.1","4.18","2","0","10","3.0%","15","10.9%","10.0%","6.1%","33.3%","87.9%","60.6%","42.4%","9.1%","0.0%","0.0%","7","0.21","97","2.94","70.3%","1.24","21","63.6%","87","1","4.14","57.1%","12","36.4%","51","1","4.25","58.3%","3.5","60.1","54.9","3.2"
"88","Dare Ogunbowale","JAX","RB","15","43","137","9.1","3.19","1","0","5","0.0%","0","0.0%","5.0%","2.3%","46.5%","83.7%","58.1%","27.9%","2.3%","0.0%","0.0%","0","0.00","73","1.70","53.3%","1.49","25","58.1%","85","0","3.40","36.0%","18","41.9%","52","1","2.89","38.9%","3.3","50.1","54.9","3.7"
"89","Malcolm Brown","MIA","RB","7","33","125","17.9","3.79","1","0","6","6.1%","40","32.0%","44.4%","3.0%","48.5%","81.8%","54.5%","18.2%","9.1%","3.0%","0.0%","6","0.18","76","2.30","60.8%","1.48","22","66.7%","91","1","4.14","54.5%","11","33.3%","34","0","3.09","45.5%","3.2","22.5","35.6","5.1"
"90","Matt Breida","BUF","RB","9","26","125","13.9","4.81","1","1","5","7.7%","43","34.4%","0.0%","3.8%","34.6%","80.8%","69.2%","46.2%","11.5%","3.8%","0.0%","2","0.08","62","2.38","49.6%","2.42","6","23.1%","36","0","6.00","66.7%","19","73.1%","92","1","4.84","68.4%","4.9","43.7","25.0","2.8"
"91","Godwin Igwebuike","DET","RB","15","18","118","7.9","6.56","1","2","7","5.6%","42","35.6%","0.0%","5.6%","22.2%","83.3%","77.8%","38.9%","16.7%","5.6%","5.6%","4","0.22","68","3.78","57.6%","2.78","9","50.0%","73","1","8.11","55.6%","9","50.0%","45","0","5.00","66.7%","1.9","28.8","23.7","1.6"
"92","Eno Benjamin","ARZ","RB","9","34","118","13.1","3.47","1","0","4","2.9%","21","17.8%","0.0%","2.9%","58.8%","79.4%","44.1%","35.3%","5.9%","2.9%","0.0%","7","0.21","91","2.68","77.1%","0.79","24","70.6%","92","1","3.83","41.7%","10","29.4%","26","0","2.60","40.0%","3.1","28.0","26.9","3.0"
"93","Qadree Ollison","ATL","RB","7","21","105","15.0","5.00","1","1","7","4.8%","19","18.1%","0.0%","4.8%","42.9%","85.7%","66.7%","38.1%","23.8%","0.0%","0.0%","1","0.05","56","2.67","53.3%","2.33","12","57.1%","65","1","5.42","58.3%","9","42.9%","40","0","4.44","44.4%","3.0","20.7","18.5","2.6"
"94","Wayne Gallman","ATL, MIN","RB","7","28","104","14.9","3.71","0","0","5","7.1%","32","30.8%","0.0%","0.0%","57.1%","85.7%","42.9%","28.6%","17.9%","0.0%","0.0%","2","0.07","55","1.96","52.9%","1.75","25","89.3%","95","0","3.80","36.0%","3","10.7%","9","0","3.00","33.3%","1.9","13.5","18.0","2.6"
"95","Joshua Kelley","LAC","RB","10","33","102","10.2","3.09","0","1","5","0.0%","0","0.0%","10.0%","0.0%","66.7%","81.8%","54.5%","21.2%","6.1%","0.0%","0.0%","5","0.15","72","2.18","70.6%","0.91","17","51.5%","43","0","2.53","17.6%","15","45.5%","58","0","3.87","46.7%","1.8","18.0","29.9","3.0"
"96","Marlon Mack","IND","RB","5","28","101","20.2","3.61","0","0","6","3.6%","22","21.8%","0.0%","0.0%","57.1%","75.0%","42.9%","28.6%","14.3%","3.6%","0.0%","4","0.14","70","2.50","69.3%","1.11","17","60.7%","68","0","4.00","35.3%","11","39.3%","33","0","3.00","27.3%","2.6","12.9","19.5","3.9"
"97","Le'Veon Bell","BLT, TB","RB","8","39","101","12.6","2.59","2","0","9","0.0%","0","0.0%","37.5%","5.1%","59.0%","76.9%","43.6%","20.5%","2.6%","0.0%","0.0%","6","0.15","77","1.97","76.2%","0.62","6","15.4%","10","0","1.67","33.3%","33","84.6%","91","2","2.76","48.5%","4.8","38.1","40.0","5.0"
"98","Austin Walter","NYJ","RB","4","26","101","25.3","3.88","1","0","5","0.0%","0","0.0%","14.3%","3.8%","53.8%","76.9%","42.3%","34.6%","15.4%","0.0%","0.0%","4","0.15","62","2.38","61.4%","1.50","16","61.5%","76","1","4.75","56.3%","10","38.5%","25","0","2.50","20.0%","4.8","19.0","19.9","5.0"
"99","Elijhaa Penny","NYG","RB","17","24","99","5.8","4.13","1","0","9","0.0%","0","0.0%","7.7%","4.2%","29.2%","91.7%","62.5%","29.2%","8.3%","0.0%","0.0%","3","0.13","82","3.42","82.8%","0.71","12","50.0%","41","1","3.42","33.3%","8","33.3%","49","0","6.13","50.0%","2.1","35.9","32.3","1.9"
"100","Adrian Peterson","SEA, TEN","RB","4","38","98","24.5","2.58","2","1","6","2.6%","16","16.3%","50.0%","5.3%","60.5%","78.9%","42.1%","23.7%","5.3%","0.0%","0.0%","3","0.08","81","2.13","82.7%","0.45","20","52.6%","50","1","2.50","30.0%","18","47.4%","48","1","2.67","55.6%","6.7","26.6","39.3","9.8"
"101","Benny Snell","PIT","RB","17","36","98","5.8","2.72","0","0","2","0.0%","0","0.0%","0.0%","0.0%","58.3%","83.3%","44.4%","25.0%","0.0%","0.0%","0.0%","6","0.17","79","2.19","80.6%","0.53","17","47.2%","54","0","3.18","41.2%","19","52.8%","44","0","2.32","21.1%","0.8","13.1","24.7","1.5"
"102","Patrick Taylor","GB","RB","6","23","89","14.8","3.87","1","0","5","0.0%","0","0.0%","20.0%","4.3%","26.1%","91.3%","56.5%","34.8%","8.7%","0.0%","0.0%","3","0.13","63","2.74","70.8%","1.17","13","56.5%","45","0","3.46","46.2%","10","43.5%","44","1","4.40","60.0%","2.9","17.2","19.7","3.3"
"103","Larry Rountree","LAC","RB","9","36","87","9.7","2.42","1","0","5","0.0%","0","0.0%","15.4%","2.8%","58.3%","75.0%","44.4%","16.7%","2.8%","0.0%","0.0%","3","0.08","63","1.75","72.4%","0.67","22","61.1%","56","0","2.55","36.4%","14","38.9%","31","1","2.21","28.6%","1.7","15.6","27.4","3.0"
"104","Ryquell Armstead","JAX","RB","2","15","80","40.0","5.33","0","0","3","6.7%","26","32.5%","0.0%","0.0%","33.3%","100.0%","66.7%","40.0%","6.7%","6.7%","0.0%","2","0.13","31","2.07","38.8%","3.27","9","60.0%","62","0","6.89","77.8%","6","40.0%","18","0","3.00","33.3%","6.3","12.6","14.1","7.1"
"105","Jonathan Williams","WAS","RB","5","17","79","15.8","4.65","1","0","7","5.9%","23","29.1%","25.0%","5.9%","29.4%","94.1%","58.8%","35.3%","11.8%","5.9%","0.0%","4","0.24","66","3.88","83.5%","0.76","12","70.6%","33","1","2.75","66.7%","5","29.4%","46","0","9.20","60.0%","4.1","20.7","18.6","3.7"
"106","Chris Evans","CIN","RB","12","17","77","6.4","4.53","0","0","3","0.0%","0","0.0%","6.3%","0.0%","35.3%","100.0%","70.6%","35.3%","17.6%","0.0%","0.0%","5","0.29","67","3.94","87.0%","0.59","11","64.7%","55","0","5.00","54.5%","6","35.3%","22","0","3.67","16.7%","4.2","49.8","40.5","3.4"
"107","Jermar Jefferson","DET","RB","5","15","74","14.8","4.93","2","0","4","6.7%","28","37.8%","0.0%","13.3%","40.0%","66.7%","60.0%","40.0%","6.7%","6.7%","0.0%","0","0.00","35","2.33","47.3%","2.60","6","40.0%","22","1","3.67","50.0%","8","53.3%","52","1","6.50","62.5%","5.1","25.7","16.7","3.3"
"108","Jamycal Hasty","SF","RB","11","16","68","6.2","4.25","1","0","6","6.3%","21","30.9%","18.2%","6.3%","56.3%","87.5%","50.0%","18.8%","12.5%","6.3%","0.0%","4","0.25","34","2.13","50.0%","2.13","10","62.5%","35","1","3.50","50.0%","5","31.3%","29","0","5.80","20.0%","4.6","50.5","55.5","5.0"
"109","Jerick McKinnon","KC","RB","13","12","62","4.8","5.17","0","0","2","8.3%","18","29.0%","0.0%","0.0%","41.7%","100.0%","75.0%","50.0%","8.3%","0.0%","0.0%","1","0.08","30","2.50","48.4%","2.67","6","50.0%","25","0","4.17","66.7%","6","50.0%","37","0","6.17","50.0%","2.8","35.9","34.8","2.7"
"110","Kene Nwangwu","MIN","RB","9","13","61","6.8","4.69","0","0","3","7.7%","19","31.1%","6.3%","0.0%","46.2%","84.6%","61.5%","38.5%","15.4%","0.0%","0.0%","4","0.31","33","2.54","54.1%","2.15","7","53.8%","38","0","5.43","42.9%","4","30.8%","13","0","3.25","0.0%","1.2","11.0","17.8","2.0"
"111","Giovani Bernard","TB","RB","12","8","58","4.8","7.25","0","0","3","25.0%","41","70.7%","0.0%","0.0%","37.5%","87.5%","75.0%","37.5%","25.0%","12.5%","0.0%","1","0.13","27","3.38","46.6%","3.88","1","12.5%","4","0","4.00","100.0%","7","87.5%","54","0","7.71","57.1%","4.9","59.1","53.5","4.5"
"112","Trayveon Williams","CIN","RB","4","15","51","12.8","3.40","0","0","4","0.0%","0","0.0%","0.0%","0.0%","40.0%","86.7%","53.3%","33.3%","6.7%","0.0%","0.0%","5","0.33","46","3.07","90.2%","0.33","8","53.3%","21","0","2.63","37.5%","7","46.7%","30","0","4.29","71.4%","1.6","6.5","10.4","2.6"
"113","Jason Huntley","PHI","RB","1","13","51","51.0","3.92","0","0","2","7.7%","18","35.3%","0.0%","0.0%","53.8%","76.9%","46.2%","23.1%","15.4%","0.0%","0.0%","2","0.15","38","2.92","74.5%","1.00","10","76.9%","41","0","4.10","30.0%","3","23.1%","10","0","3.33","33.3%","5.1","5.1","8.4","8.4"
"114","Jalen Richard","LV","RB","10","9","40","4.0","4.44","0","0","3","11.1%","23","57.5%","0.0%","0.0%","55.6%","88.9%","44.4%","22.2%","11.1%","11.1%","0.0%","0","0.00","20","2.22","50.0%","2.22","6","66.7%","15","0","2.50","50.0%","3","33.3%","25","0","8.33","33.3%","2.3","23.2","32.1","3.2"
"115","James White","NE","RB","3","10","38","12.7","3.80","1","0","4","0.0%","0","0.0%","0.0%","10.0%","40.0%","80.0%","50.0%","50.0%","10.0%","0.0%","0.0%","2","0.20","16","1.60","42.1%","2.20","1","10.0%","-1","0","-1.00","0.0%","9","90.0%","39","1","4.33","66.7%","10.4","31.2","27.6","9.2"
"116","J.J. Taylor","NE","RB","5","19","37","7.4","1.95","2","0","3","5.3%","15","40.5%","25.0%","10.5%","73.7%","68.4%","26.3%","10.5%","5.3%","0.0%","0.0%","0","0.00","23","1.21","62.2%","0.74","2","10.5%","2","0","1.00","0.0%","16","84.2%","32","2","2.00","25.0%","3.9","19.5","24.2","4.8"
"117","Kalen Ballage","PIT","RB","9","12","36","4.0","3.00","0","0","2","0.0%","0","0.0%","0.0%","0.0%","58.3%","66.7%","58.3%","25.0%","16.7%","0.0%","0.0%","3","0.25","34","2.83","94.4%","0.17","8","66.7%","40","0","5.00","50.0%","3","25.0%","-1","0","-0.33","33.3%","0.7","6.4","19.2","2.1"
"118","Mike Boone","DEN","RB","5","4","35","7.0","8.75","0","0","2","25.0%","16","45.7%","0.0%","0.0%","50.0%","100.0%","75.0%","50.0%","50.0%","0.0%","0.0%","0","0.00","11","2.75","31.4%","6.00","0","0.0%","0","0","0.00","0.0%","4","100.0%","35","0","8.75","50.0%","1.5","7.7","4.8","1.0"
"119","C.J. Ham","MIN","FB","17","7","34","2.0","4.86","0","0","3","14.3%","30","88.2%","4.5%","0.0%","57.1%","57.1%","14.3%","14.3%","14.3%","14.3%","14.3%","1","0.14","33","4.71","97.1%","0.14","2","28.6%","1","0","0.50","0.0%","2","28.6%","0","0","0.00","0.0%","1.9","32.9","34.9","2.1"
"120","Jonathan Ward","ARZ","RB","11","9","33","3.0","3.67","0","0","3","0.0%","0","0.0%","0.0%","0.0%","33.3%","88.9%","66.7%","44.4%","0.0%","0.0%","0.0%","0","0.00","17","1.89","51.5%","1.78","7","77.8%","28","0","4.00","42.9%","1","11.1%","2","0","2.00","0.0%","0.9","9.7","8.5","0.8"
"121","Keith Smith","ATL","FB","17","9","31","1.8","3.44","0","0","3","0.0%","0","0.0%","0.0%","0.0%","22.2%","77.8%","66.7%","44.4%","0.0%","0.0%","0.0%","1","0.11","18","2.00","58.1%","1.44","3","33.3%","10","0","3.33","33.3%","2","22.2%","11","0","5.50","50.0%","1.0","17.7","18.8","1.1"
"122","Deon Jackson","IND","RB","3","13","31","10.3","2.38","1","0","2","0.0%","0","0.0%","12.5%","7.7%","53.8%","69.2%","53.8%","15.4%","7.7%","0.0%","0.0%","1","0.08","29","2.23","93.5%","0.15","9","69.2%","12","0","1.33","11.1%","3","23.1%","19","1","6.33","100.0%","3.0","9.1","10.8","3.6"
"123","La'Mical Perine","NYJ","RB","3","8","31","10.3","3.88","0","0","1","0.0%","0","0.0%","0.0%","0.0%","75.0%","87.5%","50.0%","25.0%","12.5%","0.0%","0.0%","1","0.13","21","2.63","67.7%","1.25","6","75.0%","18","0","3.00","16.7%","2","25.0%","13","0","6.50","50.0%","1.0","3.1","3.9","1.3"
"124","Jaquan Hardy","DAL","RB","2","4","29","14.5","7.25","1","0","1","25.0%","22","75.9%","0.0%","25.0%","50.0%","75.0%","75.0%","50.0%","25.0%","25.0%","0.0%","1","0.25","19","4.75","65.5%","2.50","4","100.0%","29","1","7.25","50.0%","0","0.0%","0","0","0.00","0.0%","4.5","8.9","1.8","0.9"
"125","Michael Burton","KC","FB","16","8","26","1.6","3.25","1","0","8","0.0%","0","0.0%","4.0%","12.5%","0.0%","100.0%","50.0%","25.0%","0.0%","0.0%","0.0%","1","0.13","15","1.88","57.7%","1.38","0","0.0%","0","0","0.00","0.0%","0","0.0%","0","0","0.00","0.0%","0.9","14.7","13.5","0.8"
"126","Wendell Smallwood","WAS","RB","2","5","25","12.5","5.00","0","0","2","0.0%","0","0.0%","0.0%","0.0%","20.0%","100.0%","80.0%","20.0%","20.0%","0.0%","0.0%","2","0.40","10","2.00","40.0%","0.80","4","80.0%","12","0","3.00","75.0%","1","20.0%","13","0","13.00","0.0%","4.4","8.7","5.2","2.6"
"127","Demetric Felton","CLV","RB","15","7","24","1.6","3.43","0","0","0","0.0%","0","0.0%","0.0%","0.0%","57.1%","85.7%","42.9%","28.6%","14.3%","0.0%","0.0%","3","0.43","14","2.00","58.3%","1.43","2","28.6%","3","0","1.50","0.0%","4","57.1%","15","0","3.75","25.0%","3.4","50.5","36.7","2.4"
"128","Kylin Hill","GB","RB","8","10","24","3.0","2.40","0","0","1","0.0%","0","0.0%","0.0%","0.0%","60.0%","80.0%","40.0%","20.0%","0.0%","0.0%","0.0%","0","0.00","21","2.10","87.5%","0.30","6","60.0%","12","0","2.00","16.7%","4","40.0%","12","0","3.00","25.0%","0.5","3.9","7.2","0.9"
"129","Jason Cabinda","DET","FB","14","3","23","1.6","7.67","0","0","2","33.3%","21","91.3%","0.0%","0.0%","33.3%","66.7%","33.3%","33.3%","33.3%","33.3%","0.0%","1","0.33","12","4.00","52.2%","3.67","0","0.0%","0","0","0.00","0.0%","0","0.0%","0","0","0.00","0.0%","1.0","13.9","14.3","1.0"
"130","Kyle Juszczyk","SF","FB","17","8","22","1.3","2.75","1","0","3","0.0%","0","0.0%","5.3%","12.5%","50.0%","87.5%","37.5%","25.0%","0.0%","0.0%","0.0%","0","0.00","16","2.00","72.7%","0.75","3","37.5%","7","0","2.33","33.3%","0","0.0%","0","0","0.00","0.0%","4.3","73.8","68.7","4.0"
"131","Alex Armah","NO, WAS","RB","11","5","21","1.9","4.20","0","0","4","0.0%","0","0.0%","0.0%","0.0%","20.0%","100.0%","60.0%","40.0%","0.0%","0.0%","0.0%","0","0.00","12","2.40","57.1%","1.80","0","0.0%","0","0","0.00","0.0%","0","0.0%","0","0","0.00","0.0%","0.8","9.2","6.6","0.6"
"132","Raheem Mostert","SF","RB","1","2","20","20.0","10.00","0","0","1","0.0%","0","0.0%","0.0%","0.0%","0.0%","100.0%","100.0%","100.0%","50.0%","0.0%","0.0%","1","0.50","16","8.00","80.0%","2.00","2","100.0%","20","0","10.00","100.0%","0","0.0%","0","0","0.00","0.0%","2.0","2.0","1.0","1.0"
"133","Dwayne Washington","NO","RB","9","4","16","1.8","4.00","0","0","0","0.0%","0","0.0%","0.0%","0.0%","25.0%","100.0%","100.0%","25.0%","0.0%","0.0%","0.0%","0","0.00","14","3.50","87.5%","0.50","3","75.0%","11","0","3.67","66.7%","1","25.0%","5","0","5.00","0.0%","0.5","4.8","4.9","0.5"
"134","Scottie Phillips","HST","RB","2","6","13","6.5","2.17","0","0","1","0.0%","0","0.0%","0.0%","0.0%","66.7%","83.3%","33.3%","0.0%","0.0%","0.0%","0.0%","0","0.00","8","1.33","61.5%","0.83","4","66.7%","7","0","1.75","25.0%","2","33.3%","6","0","3.00","50.0%","2.1","4.2","7.4","3.7"
"135","John Kelly","CLV","RB","1","2","13","13.0","6.50","0","0","1","0.0%","0","0.0%","0.0%","0.0%","50.0%","100.0%","50.0%","50.0%","50.0%","0.0%","0.0%","0","0.00","3","1.50","23.1%","5.00","2","100.0%","13","0","6.50","50.0%","0","0.0%","0","0","0.00","0.0%","1.3","1.3","0.9","0.9"
"136","Jacques Patrick","SF","RB","1","2","12","12.0","6.00","0","0","1","0.0%","0","0.0%","0.0%","0.0%","0.0%","100.0%","100.0%","50.0%","0.0%","0.0%","0.0%","0","0.00","2","1.00","16.7%","5.00","0","0.0%","0","0","0.00","0.0%","2","100.0%","12","0","6.00","100.0%","1.2","1.2","0.9","0.9"
"137","Mekhi Sargent","TEN, JAX, LA","RB","4","5","11","2.8","2.20","0","0","1","0.0%","0","0.0%","0.0%","0.0%","60.0%","100.0%","20.0%","0.0%","0.0%","0.0%","0.0%","0","0.00","6","1.20","54.5%","1.00","2","40.0%","4","0","2.00","0.0%","3","60.0%","7","0","2.33","33.3%","0.3","1.1","3.3","0.8"
"138","Buddy Howell","LA","RB","5","5","11","2.2","2.20","0","0","0","0.0%","0","0.0%","0.0%","0.0%","60.0%","80.0%","60.0%","0.0%","0.0%","0.0%","0.0%","0","0.00","12","2.40","109.1%","-0.20","5","100.0%","11","0","2.20","0.0%","0","0.0%","0","0","0.00","0.0%","0.2","1.1","2.1","0.4"
"139","Jaylen Samuels","HST","RB","3","5","9","3.0","1.80","0","0","0","0.0%","0","0.0%","0.0%","0.0%","100.0%","80.0%","20.0%","0.0%","0.0%","0.0%","0.0%","1","0.20","11","2.20","122.2%","-0.40","2","40.0%","5","0","2.50","0.0%","3","60.0%","4","0","1.33","0.0%","1.8","5.3","8.3","2.8"
"140","Trey Ragas","LV","RB","1","1","9","9.0","9.00","0","0","1","0.0%","0","0.0%","0.0%","0.0%","0.0%","100.0%","100.0%","100.0%","0.0%","0.0%","0.0%","0","0.00","5","5.00","55.6%","4.00","0","0.0%","0","0","0.00","0.0%","1","100.0%","9","0","9.00","100.0%","3.5","3.5","3.2","3.2"
"141","Gabe Nabers","LAC","FB","9","3","8","0.9","2.67","0","0","1","0.0%","0","0.0%","0.0%","0.0%","33.3%","100.0%","33.3%","0.0%","0.0%","0.0%","0.0%","0","0.00","7","2.33","87.5%","0.33","0","0.0%","0","0","0.00","0.0%","0","0.0%","0","0","0.00","0.0%","0.6","5.5","10.3","1.1"
"142","Darrynton Evans","TEN","RB","1","2","7","7.0","3.50","0","0","0","0.0%","0","0.0%","0.0%","0.0%","50.0%","100.0%","50.0%","50.0%","0.0%","0.0%","0.0%","0","0.00","5","2.50","71.4%","1.00","1","50.0%","2","0","2.00","0.0%","1","50.0%","5","0","5.00","0.0%","3.8","3.8","4.0","4.0"
"143","Damarea Crockett","DEN","RB","1","3","7","7.0","2.33","0","0","0","0.0%","0","0.0%","0.0%","0.0%","66.7%","66.7%","33.3%","33.3%","0.0%","0.0%","0.0%","1","0.33","7","2.33","100.0%","0.00","0","0.0%","0","0","0.00","0.0%","3","100.0%","7","0","2.33","33.3%","0.7","0.7","1.6","1.6"
"144","Khari Blasingame","TEN","FB","12","3","6","0.5","2.00","0","1","1","0.0%","0","0.0%","0.0%","0.0%","66.7%","100.0%","33.3%","0.0%","0.0%","0.0%","0.0%","0","0.00","7","2.33","116.7%","-0.33","0","0.0%","0","0","0.00","0.0%","3","100.0%","6","0","2.00","33.3%","0.2","2.0","4.3","0.4"
"145","Adam Prentice","NO","FB","7","3","5","0.7","1.67","0","0","2","0.0%","0","0.0%","0.0%","0.0%","33.3%","100.0%","0.0%","0.0%","0.0%","0.0%","0.0%","0","0.00","4","1.33","80.0%","0.33","0","0.0%","0","0","0.00","0.0%","0","0.0%","0","0","0.00","0.0%","0.7","5.1","5.5","0.8"
"146","Jake Funk","LA","RB","6","2","5","0.8","2.50","0","0","0","0.0%","0","0.0%","0.0%","0.0%","50.0%","50.0%","50.0%","50.0%","0.0%","0.0%","0.0%","0","0.00","5","2.50","100.0%","0.00","2","100.0%","5","0","2.50","50.0%","0","0.0%","0","0","0.00","0.0%","0.1","0.5","1.3","0.2"
"147","Johnny Stanton","CLV","FB","3","3","5","1.7","1.67","0","0","2","0.0%","0","0.0%","50.0%","0.0%","33.3%","66.7%","33.3%","0.0%","0.0%","0.0%","0.0%","0","0.00","3","1.00","60.0%","0.67","0","0.0%","0","0","0.00","0.0%","2","66.7%","3","0","1.50","50.0%","3.1","9.2","9.5","3.2"
"148","Ryan Nall","CHI","RB","7","1","4","0.6","4.00","0","0","0","0.0%","0","0.0%","0.0%","0.0%","0.0%","100.0%","100.0%","0.0%","0.0%","0.0%","0.0%","0","0.00","-1","-1.00","-25.0%","5.00","1","100.0%","4","0","4.00","100.0%","0","0.0%","0","0","0.00","0.0%","0.3","1.8","1.8","0.3"
"149","Ito Smith","DAL","RB","1","1","4","4.0","4.00","1","0","1","0.0%","0","0.0%","100.0%","100.0%","0.0%","100.0%","100.0%","0.0%","0.0%","0.0%","0.0%","0","0.00","2","2.00","50.0%","2.00","0","0.0%","0","0","0.00","0.0%","1","100.0%","4","1","4.00","100.0%","6.4","6.4","2.2","2.2"
"150","Patrick Ricard","BLT","FB","13","2","4","0.3","2.00","0","0","2","0.0%","0","0.0%","0.0%","0.0%","0.0%","100.0%","0.0%","0.0%","0.0%","0.0%","0.0%","0","0.00","3","1.50","75.0%","0.50","0","0.0%","0","0","0.00","0.0%","0","0.0%","0","0","0.00","0.0%","1.6","20.7","20.0","1.5"
"151","Gary Brightwell","NYG","RB","7","1","4","0.6","4.00","0","0","0","0.0%","0","0.0%","0.0%","0.0%","0.0%","100.0%","100.0%","0.0%","0.0%","0.0%","0.0%","0","0.00","3","3.00","75.0%","1.00","0","0.0%","0","0","0.00","0.0%","1","100.0%","4","0","4.00","100.0%","0.3","2.0","1.8","0.3"
"152","Trenton Cannon","BLT, SF","RB","10","3","4","0.4","1.33","0","0","0","0.0%","0","0.0%","0.0%","0.0%","66.7%","66.7%","33.3%","0.0%","0.0%","0.0%","0.0%","0","0.00","2","0.67","50.0%","0.67","0","0.0%","0","0","0.00","0.0%","2","66.7%","2","0","1.00","50.0%","-0.1","-0.6","1.3","0.1"
"153","Reggie Bonnafon","CAR","RB","1","1","4","4.0","4.00","0","0","0","0.0%","0","0.0%","0.0%","0.0%","0.0%","100.0%","100.0%","0.0%","0.0%","0.0%","0.0%","0","0.00","3","3.00","75.0%","1.00","0","0.0%","0","0","0.00","0.0%","1","100.0%","4","0","4.00","100.0%","3.6","3.6","3.8","3.8"
"154","Patrick Laird","MIA","RB","6","1","4","0.7","4.00","0","0","0","0.0%","0","0.0%","0.0%","0.0%","0.0%","100.0%","100.0%","0.0%","0.0%","0.0%","0.0%","0","0.00","2","2.00","50.0%","2.00","1","100.0%","4","0","4.00","100.0%","0","0.0%","0","0","0.00","0.0%","0.9","5.1","9.2","1.5"
"155","Reggie Gilliam","BUF","FB","15","3","3","0.2","1.00","0","0","0","0.0%","0","0.0%","0.0%","0.0%","100.0%","66.7%","0.0%","0.0%","0.0%","0.0%","0.0%","1","0.33","3","1.00","100.0%","0.00","0","0.0%","0","0","0.00","0.0%","0","0.0%","0","0","0.00","0.0%","0.4","5.6","11.2","0.7"
"156","Anthony McFarland","PIT","RB","2","3","3","1.5","1.00","0","0","0","0.0%","0","0.0%","0.0%","0.0%","100.0%","66.7%","33.3%","0.0%","0.0%","0.0%","0.0%","0","0.00","3","1.00","100.0%","0.00","1","33.3%","3","0","3.00","0.0%","2","66.7%","0","0","0.00","0.0%","1.2","2.4","3.4","1.7"
"157","Nathan Cottrell","JAX","RB","3","1","3","1.0","3.00","0","0","0","0.0%","0","0.0%","0.0%","0.0%","0.0%","100.0%","100.0%","0.0%","0.0%","0.0%","0.0%","1","1.00","6","6.00","200.0%","-3.00","0","0.0%","0","0","0.00","0.0%","1","100.0%","3","0","3.00","0.0%","0.1","0.3","0.5","0.2"
"158","Cam Akers","LA","RB","1","5","3","3.0","0.60","0","0","0","0.0%","0","0.0%","0.0%","0.0%","100.0%","60.0%","0.0%","0.0%","0.0%","0.0%","0.0%","2","0.40","10","2.00","333.3%","-1.40","4","80.0%","1","0","0.25","0.0%","1","20.0%","2","0","2.00","0.0%","4.3","4.3","7.2","7.2"
"159","Derek Watt","PIT","FB","16","1","1","0.1","1.00","0","0","1","0.0%","0","0.0%","0.0%","0.0%","0.0%","100.0%","0.0%","0.0%","0.0%","0.0%","0.0%","0","0.00","1","1.00","100.0%","0.00","0","0.0%","0","0","0.00","0.0%","0","0.0%","0","0","0.00","0.0%","0.3","4.6","4.6","0.3"
"160","Alec Ingold","LV","FB","9","2","1","0.1","0.50","0","0","1","0.0%","0","0.0%","9.1%","0.0%","50.0%","50.0%","0.0%","0.0%","0.0%","0.0%","0.0%","0","0.00","-","-","0.0%","0.50","0","0.0%","0","0","0.00","0.0%","0","0.0%","0","0","0.00","0.0%","2.7","24.6","25.6","2.8"
"161","Nate McCrary","BLT","RB","1","1","-1","-1.0","-1.00","0","0","0","0.0%","0","0.0%","0.0%","0.0%","100.0%","0.0%","0.0%","0.0%","0.0%","0.0%","0.0%","0","0.00","2","2.00","-200.0%","-3.00","1","100.0%","-1","0","-1.00","0.0%","0","0.0%","0","0","0.00","0.0%","-0.1","-0.1","0.5","0.5"
"162","Devine Ozigbo","NO","RB","2","1","-3","-1.5","-3.00","0","0","0","0.0%","0","0.0%","0.0%","0.0%","100.0%","0.0%","0.0%","0.0%","0.0%","0.0%","0.0%","2","2.00","1","1.00","-33.3%","-4.00","1","100.0%","-3","0","-3.00","0.0%","0","0.0%","0","0","0.00","0.0%","0.7","1.4","2.4","1.2"
"163","Kenjon Barner","TB","RB","3","4","0","0.0","-","0","0","0","0.0%","0","0.0%","0.0%","0.0%","100.0%","50.0%","0.0%","0.0%","0.0%","0.0%","0.0%","0","0.00","3","0.75","0.0%","-0.75","2","50.0%","2","0","1.00","0.0%","2","50.0%","-2","0","-1.00","0.0%","0.0","0.0","1.7","0.6"
"164","Andy Janovich","CLV","FB","13","2","0","0.0","-","1","0","1","0.0%","0","0.0%","4.8%","50.0%","50.0%","50.0%","0.0%","0.0%","0.0%","0.0%","0.0%","0","0.00","-","-","0.0%","0.00","0","0.0%","0","0","0.00","0.0%","0","0.0%","0","0","0.00","0.0%","0.9","11.9","9.4","0.7"